movie_id,title,release_date,popularity,vote_count
617126,The Fantastic 4: First Steps,2025-07-22,664.436,1690
1078605,Weapons,2025-08-04,186.5583,1670
1061474,Superman,2025-07-09,177.7087,3414
803796,KPop Demon Hunters,2025-06-20,144.0946,1538
575265,Mission: Impossible - The Final Reckoning,2025-05-17,132.0818,1823
1087192,How to Train Your Dragon,2025-06-06,126.882,1967
911430,F1,2025-06-25,132.9294,2232
1234821,Jurassic World Rebirth,2025-07-01,121.2707,2207
7451,xXx,2002-08-09,101.1517,4568
552524,Lilo & Stitch,2025-05-17,76.0419,1675
541671,Ballerina,2025-06-04,67.696,1745
157336,Interstellar,2014-11-05,64.4193,37933
574475,Final Destination Bloodlines,2025-05-14,56.1779,2193
155,The Dark Knight,2008-07-16,57.378,34463
138843,The Conjuring,2013-07-18,46.1883,12214
1100988,28 Years Later,2025-06-18,45.9278,1478
986056,Thunderbolts*,2025-04-30,44.6644,2678
1233413,Sinners,2025-04-16,41.0428,2604
1010581,My Fault,2023-06-08,43.3459,3806
423108,The Conjuring: The Devil Made Me Do It,2021-05-25,39.1824,6252
1029575,The Family Plan,2023-12-14,43.6299,1615
24428,The Avengers,2012-04-25,43.1328,33214
76600,Avatar: The Way of Water,2022-12-14,39.01,12891
950387,A Minecraft Movie,2025-03-31,34.3681,2376
1241982,Moana 2,2024-11-21,34.2418,2717
259693,The Conjuring 2,2016-06-08,30.5046,8846
950396,The Gorge,2025-02-13,30.7982,3038
278,The Shawshank Redemption,1994-09-23,30.1957,28941
635302,Demon Slayer -Kimetsu no Yaiba- The Movie: Mugen Train,2020-10-16,30.1548,4257
671,Harry Potter and the Philosopher's Stone,2001-11-16,32.7608,28645
1197306,A Working Man,2025-03-26,31.8894,1570
533535,Deadpool & Wolverine,2024-07-24,32.0413,7762
299536,Avengers: Infinity War,2018-04-25,29.889,30978
1022789,Inside Out 2,2024-06-11,30.6522,6151
9806,The Incredibles,2004-10-27,29.2151,18302
939243,Sonic the Hedgehog 3,2024-12-19,29.3538,2954
3933,Corpse Bride,2005-09-12,28.7981,9728
550,Fight Club,1999-10-15,25.682,30804
1156593,Your Fault,2024-12-26,26.5892,1360
106646,The Wolf of Wall Street,2013-12-25,28.9836,25018
829557,365 Days: This Day,2022-04-26,28.3385,1764
19995,Avatar,2009-12-15,27.2872,32649
411,"The Chronicles of Narnia: The Lion, the Witch and the Wardrobe",2005-12-07,26.3387,11085
933260,The Substance,2024-09-07,25.8281,5101
519182,Despicable Me 4,2024-06-20,26.0462,2929
822119,Captain America: Brave New World,2025-02-12,25.6884,2641
1011985,Kung Fu Panda 4,2024-03-02,25.2595,3225
385687,Fast X,2023-05-17,25.316,6053
870028,The Accountant²,2025-04-23,25.3862,1374
634649,Spider-Man: No Way Home,2021-12-15,25.3089,21144
27205,Inception,2010-07-15,24.6674,38012
198663,The Maze Runner,2014-09-10,24.4181,17581
260513,Incredibles 2,2018-06-14,24.0322,13275
862,Toy Story,1995-11-22,24.9915,19167
615457,Nobody,2021-03-18,24.7611,7749
120,The Lord of the Rings: The Fellowship of the Ring,2001-12-18,23.1087,26413
359410,Road House,2024-03-08,21.9849,2685
912649,Venom: The Last Dance,2024-10-22,23.4156,3754
945961,Alien: Romulus,2024-08-13,21.3945,3983
122,The Lord of the Rings: The Return of the King,2003-12-17,22.0601,25487
122917,The Hobbit: The Battle of the Five Armies,2014-12-10,22.0268,14813
1865,Pirates of the Caribbean: On Stranger Tides,2011-05-15,20.82,14499
402431,Wicked,2024-11-20,21.8802,2421
354912,Coco,2017-10-27,22.371,20258
1087891,The Amateur,2025-04-09,20.8551,1211
1241436,Warfare,2025-04-09,19.5546,1032
216015,Fifty Shades of Grey,2015-02-11,22.2287,12118
539972,Kraven the Hunter,2024-12-11,21.202,2029
672,Harry Potter and the Chamber of Secrets,2002-11-13,21.629,22853
674,Harry Potter and the Goblet of Fire,2005-11-16,20.4151,21465
14836,Coraline,2009-02-05,19.9407,8558
762509,Mufasa: The Lion King,2024-12-18,20.1753,2380
845781,Red One,2024-10-31,20.182,2662
597,Titanic,1997-11-18,22.4309,26346
808,Shrek,2001-05-18,18.9184,17989
673,Harry Potter and the Prisoner of Azkaban,2004-05-31,20.6452,22420
12444,Harry Potter and the Deathly Hallows: Part 1,2010-11-17,20.2476,19758
1184918,The Wild Robot,2024-09-12,19.338,5377
22,Pirates of the Caribbean: The Curse of the Black Pearl,2003-07-09,19.997,21463
603,The Matrix,1999-03-31,21.8583,26832
1084199,Companion,2025-01-22,19.2321,1705
603692,John Wick: Chapter 4,2023-03-22,19.077,7391
438631,Dune,2021-09-15,17.5692,13960
496243,Parasite,2019-05-30,18.3395,19520
58,Pirates of the Caribbean: Dead Man's Chest,2006-07-06,18.1389,16608
447273,Snow White,2025-03-12,18.6264,1398
569094,Spider-Man: Across the Spider-Verse,2023-05-31,18.0834,7924
129,Spirited Away,2001-07-20,18.771,17510
8966,Twilight,2008-11-20,18.4491,13975
10138,Iron Man 2,2010-04-28,18.4768,21741
177572,Big Hero 6,2014-10-24,17.8683,16105
99861,Avengers: Age of Ultron,2015-04-22,15.8534,23739
872585,Oppenheimer,2023-07-19,18.6999,10755
675,Harry Potter and the Order of the Phoenix,2007-07-08,18.1661,20170
299534,Avengers: Endgame,2019-04-24,17.4716,26765
558449,Gladiator II,2024-11-13,16.7218,3891
557,Spider-Man,2002-05-01,18.5358,19920
767,Harry Potter and the Half-Blood Prince,2009-07-15,18.3849,20150
315635,Spider-Man: Homecoming,2017-07-05,16.695,22515
566525,Shang-Chi and the Legend of the Ten Rings,2021-09-01,18.208,9965
16869,Inglourious Basterds,2009-08-02,17.956,23256
12445,Harry Potter and the Deathly Hallows: Part 2,2011-07-12,17.5101,21308
724495,The Woman King,2022-09-16,16.2893,2242
823219,Flow,2024-08-29,17.7396,2323
807,Se7en,1995-09-22,18.0641,22135
967847,Ghostbusters: Frozen Empire,2024-03-20,16.754,1929
537915,After,2019-04-11,16.9417,8400
18785,The Hangover,2009-06-02,17.4709,17510
414906,The Batman,2022-03-01,18.0333,11250
146233,Prisoners,2013-09-19,15.8963,12462
361743,Top Gun: Maverick,2022-05-21,17.0013,10209
629542,The Bad Guys,2022-03-17,16.5269,2349
209112,Batman v Superman: Dawn of Justice,2016-03-23,16.3401,18520
436969,The Suicide Squad,2021-06-06,17.9061,9149
429617,Spider-Man: Far From Home,2019-06-28,16.1933,16356
150540,Inside Out,2015-06-17,15.8273,22816
866398,The Beekeeper,2024-01-08,18.6302,3789
346698,Barbie,2023-07-19,16.8038,10336
524047,Greenland,2020-07-29,17.2223,4782
370663,Below Her Mouth,2017-02-10,17.6132,1248
823464,Godzilla x Kong: The New Empire,2024-03-27,16.6637,4349
502356,The Super Mario Bros. Movie,2023-04-05,16.38,9974
637649,Wrath of Man,2021-04-22,15.7325,5754
680,Pulp Fiction,1994-09-10,16.5966,29116
2062,Ratatouille,2007-06-28,16.1693,17817
109445,Frozen,2013-11-20,16.5631,17086
575264,Mission: Impossible - Dead Reckoning Part One,2023-07-08,16.5696,4633
337167,Fifty Shades Freed,2018-01-17,15.9777,8197
24021,The Twilight Saga: Eclipse,2010-06-23,17.1286,8999
290098,The Handmaiden,2016-06-01,16.2623,4043
843527,The Idea of You,2024-05-02,15.9662,1772
20526,TRON: Legacy,2010-12-14,16.0145,7455
170,28 Days Later,2002-10-31,15.6891,7848
490132,Green Book,2018-11-16,16.4865,12274
1034541,Terrifier 3,2024-10-09,16.2556,1735
49051,The Hobbit: An Unexpected Journey,2012-12-12,15.3665,19013
1064213,Anora,2024-10-14,14.753,2641
98,Gladiator,2000-05-04,15.2541,20082
693134,Dune: Part Two,2024-02-27,16.7927,7071
285,Pirates of the Caribbean: At World's End,2007-05-19,15.712,14940
273477,Scouts Guide to the Zombie Apocalypse,2015-10-23,15.3541,2008
121,The Lord of the Rings: The Two Towers,2002-12-18,16.446,22943
756999,The Black Phone,2022-06-17,16.0722,5275
324857,Spider-Man: Into the Spider-Verse,2018-12-06,14.5086,16475
372058,Your Name.,2016-08-26,15.1737,12008
228150,Fury,2014-10-15,15.8429,12500
748783,The Garfield Movie,2024-04-30,15.3404,1332
156022,The Equalizer,2014-09-24,14.7121,9507
1072790,Anyone But You,2023-12-21,14.4969,2735
585,"Monsters, Inc.",2001-11-01,15.4573,19135
573435,Bad Boys: Ride or Die,2024-06-05,14.9538,3061
9479,The Nightmare Before Christmas,1993-10-09,15.243,9915
10681,WALL·E,2008-06-22,14.4279,19535
102382,The Amazing Spider-Man 2,2014-04-16,14.4799,13754
559,Spider-Man 3,2007-05-01,15.5311,14696
497,The Green Mile,1999-12-10,14.5197,18396
1232546,Until Dawn,2025-04-23,13.7798,1009
335984,Blade Runner 2049,2017-10-04,15.054,14417
786892,Furiosa: A Mad Max Saga,2024-05-22,14.8681,4402
49026,The Dark Knight Rises,2012-07-17,16.776,23569
453395,Doctor Strange in the Multiverse of Madness,2022-05-04,14.4522,9793
3036,Mary Shelley's Frankenstein,1994-11-04,15.8953,1280
475557,Joker,2019-10-01,14.4726,26834
976573,Elemental,2023-06-14,15.1314,4974
150689,Cinderella,2015-03-06,15.4429,7226
863,Toy Story 2,1999-10-30,15.1398,14384
315162,Puss in Boots: The Last Wish,2022-12-07,14.4851,8417
12153,White Chicks,2004-06-23,15.1746,4271
1118031,Apocalypse Z: The Beginning of the End,2024-10-04,13.9248,1146
9738,Fantastic Four,2005-06-29,14.1183,9692
13,Forrest Gump,1994-06-23,15.686,28667
439079,The Nun,2018-09-05,14.7938,6967
1930,The Amazing Spider-Man,2012-06-23,14.5823,17955
696506,Mickey 17,2025-02-28,14.3446,2707
269149,Zootopia,2016-02-11,16.0129,16954
18239,The Twilight Saga: New Moon,2009-11-18,13.4346,9473
521029,Annabelle Comes Home,2019-06-26,13.7327,3701
210577,Gone Girl,2014-10-01,14.6979,19294
38757,Tangled,2010-11-24,14.5384,11940
1726,Iron Man,2008-04-30,14.7709,27342
280,Terminator 2: Judgment Day,1991-07-03,13.1957,13591
588228,The Tomorrow War,2021-09-03,13.7888,3824
296096,Me Before You,2016-06-01,13.8739,12839
68721,Iron Man 3,2013-04-18,14.6887,22834
244786,Whiplash,2014-10-10,14.6915,15936
214756,Ted 2,2015-06-25,14.2653,7733
1979,Fantastic Four: Rise of the Silver Surfer,2007-06-13,13.0702,8148
882569,Guy Ritchie's The Covenant,2023-04-19,14.9195,2889
829560,The Next 365 Days,2022-08-18,14.3464,1250
73861,A Serbian Film,2010-01-06,14.6399,2107
426063,Nosferatu,2024-12-25,13.2048,3096
8355,Ice Age: Dawn of the Dinosaurs,2009-06-26,13.6363,8613
791373,Zack Snyder's Justice League,2021-03-18,13.67,10417
167032,Curse of Chucky,2013-10-08,13.7458,1637
937287,Challengers,2024-04-18,12.2808,2353
425,Ice Age,2002-03-14,14.2807,13818
297762,Wonder Woman,2017-05-30,14.8432,20458
286217,The Martian,2015-09-30,12.3069,20454
809,Shrek 2,2004-05-19,13.5831,12924
8688,Snake Eyes,1998-08-07,14.3818,1420
4935,Howl's Moving Castle,2004-09-09,13.1939,10544
82702,How to Train Your Dragon 2,2014-06-05,13.3041,10058
640,Catch Me If You Can,2002-12-16,13.1456,16372
384018,Fast & Furious Presents: Hobbs & Shaw,2019-07-31,12.9872,7500
272,Batman Begins,2005-06-10,14.4441,21821
652,Troy,2004-05-13,13.2242,10624
968051,The Nun II,2023-09-06,13.1752,2303
166428,How to Train Your Dragon: The Hidden World,2019-01-03,12.4812,6815
769,GoodFellas,1990-09-12,12.2119,13655
653346,Kingdom of the Planet of the Apes,2024-05-08,13.2716,3902
668489,Havoc,2025-04-25,13.0128,1009
18,The Fifth Element,1997-05-02,14.3579,11212
324786,Hacksaw Ridge,2016-10-07,13.0525,14337
396535,Train to Busan,2016-07-20,13.2036,7976
447365,Guardians of the Galaxy Vol. 3,2023-05-03,14.8725,7674
929590,Civil War,2024-04-10,11.9472,3826
98566,Teenage Mutant Ninja Turtles,2014-08-07,13.448,6991
270946,Penguins of Madagascar,2014-11-22,12.8135,4319
324552,John Wick: Chapter 2,2017-02-08,13.5508,13700
572802,Aquaman and the Lost Kingdom,2023-12-20,12.844,3223
293660,Deadpool,2016-02-09,13.643,31944
49013,Cars 2,2011-06-11,12.8617,8167
12155,Alice in Wonderland,2010-03-03,13.2479,14402
10192,Shrek Forever After,2010-05-20,13.0677,7662
9502,Kung Fu Panda,2008-06-04,13.1855,12126
10191,How to Train Your Dragon,2010-03-18,12.9903,13793
8587,The Lion King,1994-06-15,13.7022,19042
489,Good Will Hunting,1997-12-05,13.4842,13120
404378,A Street Cat Named Bob,2016-11-04,13.9435,1499
10674,Mulan,1998-06-18,13.4956,10106
10193,Toy Story 3,2010-06-16,13.6529,15188
135397,Jurassic World,2015-06-06,13.4334,21018
22881,The Blind Side,2009-11-20,14.9285,6604
14160,Up,2009-05-28,12.5903,20984
760883,Blood Red Sky,2021-07-23,12.9541,1638
799583,The Ministry of Ungentlemanly Warfare,2024-04-18,11.9651,1601
284054,Black Panther,2018-02-13,10.7228,22831
940551,Migration,2023-12-06,11.8936,2100
348893,Boyka: Undisputed IV,2016-08-01,12.6974,1396
739405,Operation Fortune: Ruse de Guerre,2023-01-04,12.7558,1747
50620,The Twilight Saga: Breaking Dawn - Part 2,2012-11-13,13.8634,9136
76341,Mad Max: Fury Road,2015-05-13,12.4715,23393
2277,Bicentennial Man,1999-12-17,12.0614,3748
173185,It Boy,2013-03-06,14.2841,1520
1100782,Smile 2,2024-10-16,13.2751,1799
713704,Evil Dead Rise,2023-04-12,12.5513,3389
527774,Raya and the Last Dragon,2021-03-03,12.5737,7051
4995,Boogie Nights,1997-10-10,12.8967,3331
508947,Turning Red,2022-03-10,11.405,5547
11324,Shutter Island,2010-02-14,14.4585,24910
466272,Once Upon a Time... in Hollywood,2019-07-24,12.4814,14183
62213,Dark Shadows,2012-05-09,13.7453,7408
9509,Man on Fire,2004-04-23,11.4944,5376
667538,Transformers: Rise of the Beasts,2023-06-06,13.4252,5034
91314,Transformers: Age of Extinction,2014-06-25,12.6409,8459
49521,Man of Steel,2013-06-12,13.111,15680
12,Finding Nemo,2003-05-30,12.0933,19932
484468,The Wolf's Call,2019-02-20,12.3356,2092
39254,Real Steel,2011-09-28,12.5073,8748
119450,Dawn of the Planet of the Apes,2014-07-08,11.6466,11836
505642,Black Panther: Wakanda Forever,2022-11-09,12.7596,7031
50014,The Help,2011-08-09,12.3516,8699
4247,Scary Movie,2000-07-07,11.2175,7310
11544,Lilo & Stitch,2002-06-21,12.1086,6806
131631,The Hunger Games: Mockingjay - Part 1,2014-11-19,12.6049,16292
1138194,Heretic,2024-10-31,11.2805,2163
645710,The Voyeurs,2021-08-25,11.7825,1058
298618,The Flash,2023-06-13,12.3288,4700
128,Princess Mononoke,1997-07-12,13.1979,8538
507086,Jurassic World Dominion,2022-06-01,12.1216,6669
564,The Mummy,1999-04-16,12.0898,9511
13186,Wrong Turn 2: Dead End,2007-08-25,12.9691,1459
957452,The Crow,2024-08-21,11.1137,1133
424,Schindler's List,1993-12-15,13.9418,16731
953,Madagascar,2005-05-25,12.2311,11300
1724,The Incredible Hulk,2008-06-12,12.1043,12259
37165,The Truman Show,1998-06-04,12.7275,19329
11688,The Emperor's New Groove,2000-12-15,11.6146,7022
753342,Napoleon,2023-11-22,10.6225,2861
260514,Cars 3,2017-06-15,11.5427,6146
1562,28 Weeks Later,2007-04-26,11.2749,5081
11036,The Notebook,2004-05-25,11.8596,12085
466420,Killers of the Flower Moon,2023-10-18,11.6651,3775
585083,Hotel Transylvania: Transformania,2022-01-31,11.3586,2910
438695,Sing 2,2021-12-01,12.2492,4623
340027,Brain on Fire,2017-02-22,12.1381,1398
10195,Thor,2011-04-21,12.675,21774
4523,Enchanted,2007-11-20,8.1171,5561
868759,Ghosted,2023-04-18,12.7827,2013
718930,Bullet Train,2022-08-03,11.6056,6930
4951,10 Things I Hate About You,1999-03-30,11.6441,8545
568124,Encanto,2021-10-13,11.7203,9876
271110,Captain America: Civil War,2016-04-27,11.1008,23424
76492,Hotel Transylvania,2012-09-20,10.6293,8895
50619,The Twilight Saga: Breaking Dawn - Part 1,2011-11-16,11.732,9022
698687,Transformers One,2024-09-11,12.5168,1389
857,Saving Private Ryan,1998-07-24,12.6249,16540
1008042,Talk to Me,2023-07-26,11.0097,3404
310,Bruce Almighty,2003-05-23,11.6207,11093
10020,Beauty and the Beast,1991-10-22,11.921,10316
512200,Jumanji: The Next Level,2019-12-04,11.1567,9023
1495,Kingdom of Heaven,2005-05-03,10.8165,4619
616037,Thor: Love and Thunder,2022-07-06,11.8704,8133
474350,It Chapter Two,2019-09-04,12.6009,9081
283995,Guardians of the Galaxy Vol. 2,2017-04-19,11.187,22295
524434,Eternals,2021-11-03,12.6259,8775
9732,The Lion King II: Simba's Pride,1998-10-24,10.5411,4548
32657,Percy Jackson & the Olympians: The Lightning Thief,2010-02-01,11.3268,7630
168259,Furious 7,2015-04-01,11.3948,10960
763215,Damsel,2024-03-07,12.1883,2547
675353,Sonic the Hedgehog 2,2022-03-30,11.3199,5641
2105,American Pie,1999-07-09,11.1911,7970
74,War of the Worlds,2005-06-28,11.233,8759
1084736,The Count of Monte Cristo,2024-06-28,11.5405,1774
162,Edward Scissorhands,1990-12-07,11.3694,13335
346364,It,2017-09-06,12.0284,19579
301528,Toy Story 4,2019-06-19,10.6266,10155
810,Shrek the Third,2007-05-17,11.9411,9413
507089,Five Nights at Freddy's,2023-10-25,10.9288,4569
118,Charlie and the Chocolate Factory,2005-07-13,11.3588,15670
337404,Cruella,2021-05-26,11.1994,9730
546554,Knives Out,2019-11-27,9.9856,13135
10198,The Princess and the Frog,2009-12-08,11.9716,5898
930094,"Red, White & Royal Blue",2023-07-27,11.2417,1431
38055,Megamind,2010-10-28,11.5756,7166
902,The City of Lost Children,1995-05-17,11.6123,1153
109418,Grown Ups 2,2013-07-11,10.4693,4506
333339,Ready Player One,2018-03-28,10.7284,16263
926393,The Equalizer 3,2023-08-30,11.1609,3422
2043,Along Came a Spider,2001-04-06,11.1483,1943
483104,A Christmas Prince,2017-11-17,12.1048,1455
396422,Annabelle: Creation,2017-08-03,9.8696,5819
47971,xXx: Return of Xander Cage,2017-01-13,12.2778,9098
338953,Fantastic Beasts: The Secrets of Dumbledore,2022-04-06,11.2849,4836
262500,Insurgent,2015-03-18,10.0825,10202
458156,John Wick: Chapter 3 - Parabellum,2019-05-15,10.7421,11232
71672,Wrong Turn 4: Bloody Beginnings,2011-10-17,11.8413,1154
166426,Pirates of the Caribbean: Dead Men Tell No Tales,2017-05-23,10.4374,12405
77338,The Intouchables,2011-11-02,11.2642,17866
545611,Everything Everywhere All at Once,2022-03-24,12.4377,7318
70981,Prometheus,2012-05-30,11.6847,12766
350,The Devil Wears Prada,2006-06-29,10.9451,12524
568620,Snake Eyes: G.I. Joe Origins,2021-07-22,11.3003,1636
7345,There Will Be Blood,2007-12-26,11.0483,6999
480414,The Curse of La Llorona,2019-04-17,11.2106,2564
550988,Free Guy,2021-08-11,10.1575,9288
619979,Deep Water,2022-03-17,10.0648,1507
1422,The Departed,2006-10-04,12.0052,15564
299054,Expend4bles,2023-09-15,11.5724,1735
9820,The Parent Trap,1998-07-28,11.1657,4356
14161,2012,2009-10-10,11.1025,12325
127585,X-Men: Days of Future Past,2014-05-15,12.3376,15781
438148,Minions: The Rise of Gru,2022-06-29,11.1874,3835
335983,Venom,2018-09-28,10.693,16762
18491,Neon Genesis Evangelion: The End of Evangelion,1997-07-19,10.4356,1730
137113,Edge of Tomorrow,2014-05-27,9.9857,14446
68726,Pacific Rim,2013-07-11,11.2499,12891
6977,No Country for Old Men,2007-11-09,10.7368,12689
9072,Little Man,2006-08-31,10.6013,1808
250546,Annabelle,2014-10-01,10.2806,6359
57158,The Hobbit: The Desolation of Smaug,2013-12-11,10.4677,13659
17654,District 9,2009-08-05,9.286,9916
4248,Scary Movie 2,2001-07-04,10.2695,4866
497698,Black Widow,2021-07-07,10.6388,10776
260346,Taken 3,2014-12-16,11.5289,5943
351286,Jurassic World: Fallen Kingdom,2018-06-06,9.721,12324
8681,Taken,2008-02-18,11.4822,11666
20352,Despicable Me,2010-07-08,10.7227,15602
581528,"The Gangster, the Cop, the Devil",2019-05-15,10.4502,1339
141052,Justice League,2017-11-15,9.5025,13320
547016,The Old Guard,2020-07-09,10.2239,4557
110415,Snowpiercer,2013-08-01,10.5404,10015
72190,World War Z,2013-06-19,11.7342,15963
810693,Jujutsu Kaisen 0,2021-12-24,9.7122,1554
3049,Ace Ventura: Pet Detective,1994-02-04,10.8768,6081
1032823,Trap,2024-07-31,10.8417,2452
4232,Scream,1996-12-20,10.8454,7455
10483,Death Race,2008-08-22,10.2817,3941
249397,Nymphomaniac: Vol. II,2013-12-25,11.1437,3020
9769,Lolita,1997-09-27,11.5211,1880
1985,The Constant Gardener,2005-08-31,10.5015,1602
615656,Meg 2: The Trench,2023-08-02,10.461,3724
36557,Casino Royale,2006-11-14,9.3601,11170
329865,Arrival,2016-11-10,10.0909,18573
740985,Borat Subsequent Moviefilm,2020-10-23,10.4773,2695
330457,Frozen II,2019-11-20,10.0215,10030
9532,Final Destination,2000-03-17,10.3721,6322
140607,Star Wars: The Force Awakens,2015-12-15,10.917,19981
454626,Sonic the Hedgehog,2020-02-12,9.9428,10089
840326,Sisu,2022-09-09,11.2957,2441
75656,Now You See Me,2013-05-29,11.1011,16035
242,The Godfather Part III,1990-12-25,10.9412,6525
607,Men in Black,1997-07-02,9.1089,14300
2109,Rush Hour,1998-09-18,10.0167,5327
76338,Thor: The Dark World,2013-10-30,10.5605,17839
9472,DodgeBall: A True Underdog Story,2004-06-18,9.2415,3633
339403,Baby Driver,2017-06-28,9.4533,16278
436270,Black Adam,2022-10-19,10.6083,6704
38365,Grown Ups,2010-06-24,10.7791,6415
792307,Poor Things,2023-12-07,9.3999,4970
12242,Mulan II,2004-11-03,10.0994,2448
284053,Thor: Ragnarok,2017-10-02,9.587,21416
496,Borat: Cultural Learnings of America for Make Benefit Glorious Nation of Kazakhstan,2006-11-01,10.7599,5662
68718,Django Unchained,2012-12-25,12.9196,27096
189,Sin City: A Dame to Kill For,2014-08-20,10.6859,3989
605,The Matrix Revolutions,2003-11-05,10.4624,10350
46195,Rio,2011-04-03,9.9814,6936
102651,Maleficent,2014-05-28,10.5716,13426
646207,The Ice Road,2021-06-24,10.149,1809
297,Meet Joe Black,1998-11-12,9.3141,5509
818647,Through My Window,2022-02-04,10.2217,3264
854,The Mask,1994-07-29,9.0791,10751
238636,The Purge: Anarchy,2014-07-17,10.5792,6534
68737,Seventh Son,2014-12-12,9.5424,2561
913290,Barbarian,2022-09-08,9.6934,2876
1195506,Novocaine,2025-03-12,10.3382,1150
245891,John Wick,2014-10-22,9.6551,20066
9286,Final Destination 3,2006-02-09,10.0574,4323
587792,Palm Springs,2020-07-10,7.8895,3409
45243,The Hangover Part II,2011-05-25,10.4017,10875
204082,Homefront,2013-11-12,9.9133,3649
670,Oldboy,2003-11-21,11.0636,9249
2668,Sleepy Hollow,1999-11-19,9.4068,7062
920,Cars,2006-06-08,10.5238,14603
10494,Perfect Blue,1998-02-28,10.3213,2928
10802,Showgirls,1995-09-22,8.7753,1311
760104,X,2022-03-17,10.1038,3661
297802,Aquaman,2018-12-07,9.5353,14494
383498,Deadpool 2,2018-05-15,10.2395,18631
840705,Blink Twice,2024-08-21,9.5143,1613
75780,Jack Reacher,2012-12-20,10.4556,7316
954,Mission: Impossible,1996-05-22,10.3556,9548
639720,IF,2024-05-08,10.1323,1429
184315,Hercules,2014-07-23,9.4665,4201
889737,Joker: Folie à Deux,2024-10-01,9.9676,2608
9902,Wrong Turn,2003-05-30,9.863,2844
475210,How It Ends,2018-07-13,10.6986,1971
677179,Creed III,2023-03-01,9.68,2717
1402,The Pursuit of Happyness,2006-12-14,9.8781,10221
38,Eternal Sunshine of the Spotless Mind,2004-03-19,9.6306,15705
917496,Beetlejuice Beetlejuice,2024-09-04,10.9927,2752
646385,Scream,2022-01-12,8.6458,3578
930564,Saltburn,2023-11-16,9.609,2642
246655,X-Men: Apocalypse,2016-05-18,10.4081,13362
49444,Kung Fu Panda 2,2011-05-25,10.0509,7548
787699,Wonka,2023-12-06,9.8434,4053
273481,Sicario,2015-09-17,9.8012,9110
198184,Chappie,2015-03-04,11.149,8188
561,Constantine,2005-02-08,9.4584,7622
5174,Rush Hour 3,2007-08-08,8.9171,3498
278154,Ice Age: Collision Course,2016-06-23,9.4274,4741
6877,Failure to Launch,2006-03-10,9.4659,1709
101,Léon: The Professional,1994-09-14,9.8743,15471
950,Ice Age: The Meltdown,2006-03-29,9.2997,10054
10625,Mean Girls,2004-04-30,9.4589,9146
1041613,Immaculate,2024-03-20,9.7843,1489
758323,The Pope's Exorcist,2023-04-05,9.1677,2967
508442,Soul,2020-12-25,9.9979,10950
1124,The Prestige,2006-10-17,10.4172,16826
13448,Angels & Demons,2009-04-20,9.9024,7064
4348,Pride & Prejudice,2005-09-16,8.8696,8429
353081,Mission: Impossible - Fallout,2018-07-25,9.643,8735
508883,The Boy and the Heron,2023-07-14,9.8353,2340
722149,Luther: The Fallen Sun,2023-02-24,10.2083,1009
639933,The Northman,2022-04-07,9.3883,4712
2655,What Lies Beneath,2000-07-21,10.0379,1919
50839,Margin Call,2011-09-28,9.5315,1941
62177,Brave,2012-06-21,9.6791,13772
312221,Creed,2015-11-25,9.2374,7697
549509,The Brutalist,2024-12-20,8.5501,1313
559969,El Camino: A Breaking Bad Movie,2019-10-11,7.7622,5193
82690,Wreck-It Ralph,2012-11-01,9.8892,12705
663712,Terrifier 2,2022-10-06,9.965,2339
530915,1917,2019-12-25,8.7706,13005
916224,Suzume,2022-11-11,9.3237,1553
38575,The Karate Kid,2010-06-10,9.3428,6329
181812,Star Wars: The Rise of Skywalker,2019-12-18,9.1062,10364
93456,Despicable Me 2,2013-06-26,9.4418,11650
370172,No Time to Die,2021-09-29,8.9738,6681
4256,Scary Movie 3,2003-10-24,8.538,4249
629,The Usual Suspects,1995-07-19,8.8496,10880
345,Eyes Wide Shut,1999-07-16,10.1488,6587
87101,Terminator Genisys,2015-06-23,9.8306,8679
524,Casino,1995-11-22,9.0279,6189
980489,Gran Turismo,2023-08-09,10.9435,3117
1427,Perfume: The Story of a Murderer,2006-09-13,8.8171,4772
294254,Maze Runner: The Scorch Trials,2015-09-09,9.1057,10707
985939,Fall,2022-08-11,8.614,4265
974635,Hit Man,2024-05-16,8.6197,1404
11011,Ri¢hie Ri¢h,1994-12-19,9.8588,2340
4478,Indecent Proposal,1993-04-07,9.2574,1515
6479,I Am Legend,2007-12-12,9.6838,16279
205596,The Imitation Game,2014-11-14,10.5921,17553
762441,A Quiet Place: Day One,2024-06-26,8.9472,2950
1690,Hostel,2006-01-06,8.2649,3782
281957,The Revenant,2015-12-25,8.8551,18694
284052,Doctor Strange,2016-10-25,9.2433,22813
197,Braveheart,1995-05-24,10.2306,10616
41154,Men in Black 3,2012-05-23,8.6697,10635
337339,The Fate of the Furious,2017-04-12,9.678,10549
536554,M3GAN,2022-12-28,9.0089,4490
115290,Blue Lagoon: The Awakening,2012-06-16,9.8219,1463
49530,In Time,2011-10-27,8.6001,11778
176,Saw,2004-10-01,9.0013,9662
10439,Hocus Pocus,1993-07-16,9.4333,3140
103332,Ruby Sparks,2012-07-25,9.0748,1694
467244,The Zone of Interest,2023-12-15,8.679,2305
8835,Legally Blonde,2001-07-13,9.3128,4287
324849,The Lego Batman Movie,2017-02-08,6.1325,5214
154400,The Drop,2014-09-12,9.8413,2290
254128,San Andreas,2015-05-27,9.3345,8780
49018,Insidious,2011-03-31,8.9119,7060
49529,John Carter,2012-03-07,9.0477,5869
1813,The Devil's Advocate,1997-10-17,9.5631,6404
335977,Indiana Jones and the Dial of Destiny,2023-06-25,8.9182,3809
77,Memento,2000-10-11,8.9017,15567
10764,Quantum of Solace,2008-10-29,7.787,8163
207703,Kingsman: The Secret Service,2015-01-24,8.8129,17296
321612,Beauty and the Beast,2017-03-16,9.1957,15772
1005331,Carry-On,2024-12-05,9.5176,2422
585511,Luck,2022-08-05,8.5329,1849
464052,Wonder Woman 1984,2020-12-16,12.2635,8767
77877,The Lucky One,2012-04-19,10.1528,3743
718821,Twisters,2024-07-10,8.4092,2660
688,The Bridges of Madison County,1995-06-02,9.0115,2260
400535,Sicario: Day of the Soldado,2018-06-27,8.9133,3821
634492,Madame Web,2024-02-14,8.5512,2341
766507,Prey,2022-08-02,9.6297,7244
9358,Final Destination 2,2003-01-31,9.7783,4562
378064,A Silent Voice: The Movie,2016-09-17,9.929,4230
61791,Rise of the Planet of the Apes,2011-08-03,8.7688,12334
81005,Jack the Giant Slayer,2013-02-27,9.1443,5042
9702,Bound by Honor,1993-02-05,9.632,1452
1440,Little Children,2006-10-06,10.3106,1072
772,Home Alone 2: Lost in New York,1992-11-15,9.4487,10113
420634,Terrifier,2018-01-25,8.9703,2776
1250,Ghost Rider,2007-01-15,8.6011,6192
51999,Perfect Sense,2011-09-29,9.5553,1195
299537,Captain Marvel,2019-03-06,12.7997,16268
480530,Creed II,2018-11-21,8.5881,5602
2675,Signs,2002-08-02,9.1448,5917
458220,Palmer,2021-01-28,8.7828,1807
4922,The Curious Case of Benjamin Button,2008-12-25,9.8571,13268
373571,Godzilla: King of the Monsters,2019-05-29,8.7048,6430
27578,The Expendables,2010-08-07,8.8194,8016
8363,Superbad,2007-08-17,9.1508,7683
159824,Hotel Transylvania 2,2015-09-21,8.6388,5941
10202,Bedtime Stories,2008-12-24,8.7934,2892
5915,Into the Wild,2007-09-21,8.7911,9809
697843,Extraction 2,2023-06-09,9.5552,2684
259316,Fantastic Beasts and Where to Find Them,2016-11-16,9.3305,19254
419430,Get Out,2017-02-24,9.7359,18144
447277,The Little Mermaid,2023-05-18,8.6221,3149
11836,The SpongeBob SquarePants Movie,2004-11-19,9.1339,3051
613504,After We Collided,2020-09-02,9.5258,5400
158015,The Purge,2013-05-31,8.8508,8592
606856,Togo,2019-12-20,9.3963,2132
73723,The Lorax,2012-03-01,9.3227,3733
577922,Tenet,2020-08-22,13.8393,10499
13387,Transporter 3,2008-11-26,8.7906,3498
341174,Fifty Shades Darker,2017-02-08,7.9208,7798
712,Four Weddings and a Funeral,1994-03-09,8.6926,2840
2501,The Bourne Identity,2002-06-14,9.2107,9662
956,Mission: Impossible III,2006-04-25,9.5515,7288
334,Magnolia,1999-12-17,9.4121,3762
459151,The Boss Baby: Family Business,2021-07-01,9.4247,2626
940721,Godzilla Minus One,2023-11-03,9.1168,2819
1417,Pan's Labyrinth,2006-10-11,8.4374,11004
787,Mr. & Mrs. Smith,2005-06-07,10.2847,10807
491480,The Boy Who Harnessed the Wind,2019-02-14,8.5512,1773
76,Before Sunrise,1995-01-27,8.6163,4424
580489,Venom: Let There Be Carnage,2021-09-30,8.8681,10822
126889,Alien: Covenant,2017-05-09,8.5227,9053
493922,Hereditary,2018-06-07,9.5949,8139
718032,Licorice Pizza,2021-11-26,9.3723,2462
140300,Kung Fu Panda 3,2016-01-23,9.2312,6319
1359,American Psycho,2000-04-13,9.1499,11615
333484,The Magnificent Seven,2016-09-14,9.0452,6143
424694,Bohemian Rhapsody,2018-10-24,9.3553,17316
746036,The Fall Guy,2024-04-24,8.9607,3204
508943,Luca,2021-06-17,9.0574,8677
4257,Scary Movie 4,2006-04-12,8.2355,3399
102899,Ant-Man,2015-07-14,8.366,20333
9273,Ace Ventura: When Nature Calls,1995-11-10,8.4946,4340
1372,Blood Diamond,2006-12-08,8.2178,7970
993710,Back in Action,2025-01-15,7.7741,1345
262543,Automata,2014-10-09,7.6402,1715
629176,Samaritan,2022-08-25,8.2078,2094
138832,We're the Millers,2013-08-07,9.976,9166
11770,Shaolin Soccer,2001-07-05,9.1437,2399
1734,The Mummy Returns,2001-05-04,8.2341,7343
420818,The Lion King,2019-07-12,9.0467,10495
500,Reservoir Dogs,1992-09-02,8.4505,14861
949,Heat,1995-12-15,10.8892,7814
974576,Conclave,2024-10-25,9.1444,2922
520763,A Quiet Place Part II,2021-05-21,8.8394,6977
646097,Rebel Ridge,2024-08-27,10.724,1431
598,City of God,2002-08-30,8.1979,7808
440,Aliens vs Predator: Requiem,2007-12-25,8.996,3119
509,Notting Hill,1999-05-21,8.3743,6436
57800,Ice Age: Continental Drift,2012-06-27,8.2046,7863
495764,Birds of Prey (and the Fantabulous Emancipation of One Harley Quinn),2020-02-05,7.6646,10538
296,Terminator 3: Rise of the Machines,2003-07-02,8.99,6940
9100,The Craft,1996-05-03,8.5208,1956
609681,The Marvels,2023-11-08,8.8893,3112
81188,Rise of the Guardians,2012-11-21,8.7828,6933
493529,Dungeons & Dragons: Honor Among Thieves,2023-03-23,9.2763,4160
157350,Divergent,2014-03-14,8.0839,13112
41513,The Smurfs,2011-07-29,7.817,3888
15512,Monsters vs Aliens,2009-03-19,8.1543,4806
365177,Borderlands,2024-08-07,9.0335,1303
169,Predator 2,1990-11-21,8.4994,3553
381284,Hidden Figures,2016-12-10,9.2639,10105
37169,The Human Centipede (First Sequence),2009-10-31,8.5509,2269
300671,13 Hours: The Secret Soldiers of Benghazi,2016-01-14,8.4474,3753
9470,Kung Fu Hustle,2004-02-10,8.9909,2982
346910,The Predator,2018-09-05,8.1812,4890
313369,La La Land,2016-12-01,9.5125,17522
138103,The Expendables 3,2014-08-07,8.3016,5149
934433,Scream VI,2023-03-08,8.188,2902
9487,A Bug's Life,1998-11-25,9.041,9465
64690,Drive,2011-09-15,8.2712,13100
61979,Three Steps Above Heaven,2010-12-03,7.6148,3142
964980,Air,2023-04-05,8.1034,2154
11423,Memories of Murder,2003-04-25,8.7314,4213
13183,Watchmen,2009-03-04,7.6578,9591
614933,Atlas,2024-05-23,8.2925,1435
429415,Extinction,2018-07-15,7.2742,1907
1265,Bridge to Terabithia,2007-02-15,8.5065,5012
937278,A Man Called Otto,2022-12-28,7.5994,3249
19913,(500) Days of Summer,2009-07-17,8.3869,10600
82675,Taken 2,2012-09-27,7.9512,6860
574060,Gunpowder Milkshake,2021-07-14,8.9793,1080
60304,Hansel & Gretel: Witch Hunters,2013-01-17,8.501,6899
800158,The Killer,2023-10-25,7.6929,2501
56292,Mission: Impossible - Ghost Protocol,2011-12-07,9.1007,10379
335797,Sing,2016-11-23,8.5726,8213
399579,Alita: Battle Angel,2019-01-31,8.123,9603
181808,Star Wars: The Last Jedi,2017-12-13,8.2413,15817
166424,Fantastic Four,2015-08-05,7.8884,6230
417859,Puss in Boots,2011-10-27,8.6935,4302
187,Sin City,2005-04-01,8.0307,8460
63311,The Skin I Live In,2011-08-17,8.9952,4425
194,Amélie,2001-04-25,7.3921,11946
254,King Kong,2005-12-12,7.9736,8196
1579,Apocalypto,2006-12-07,8.3088,5890
58595,Snow White and the Huntsman,2012-05-30,7.8421,8032
152601,Her,2013-12-18,8.6528,14775
70160,The Hunger Games,2012-03-12,8.1685,22654
646389,Plane,2023-01-11,8.9163,2471
70,Million Dollar Baby,2004-12-05,8.6707,9981
7131,Van Helsing,2004-05-03,8.1826,6283
49049,Dredd,2012-09-07,8.1425,5282
242582,Nightcrawler,2014-10-23,8.6206,11246
359724,Ford v Ferrari,2019-11-13,9.0796,8510
591,The Da Vinci Code,2006-05-17,8.2758,9697
142,Brokeback Mountain,2005-10-22,8.9037,7287
7551,Déjà Vu,2006-11-22,7.6412,5047
944401,Dogman,2023-09-27,6.6861,1242
12429,Ponyo,2008-07-19,9.3916,4553
138697,Don Jon,2013-09-12,8.3274,4429
9792,The Hills Have Eyes,2006-03-10,8.0397,3186
1114513,Speak No Evil,2024-09-11,6.8162,1731
744857,When Evil Lurks,2023-10-05,7.9081,1236
333669,Bastille Day,2016-04-22,8.1907,1440
171274,Inherent Vice,2014-12-12,8.4209,2583
23823,Wrong Turn 3: Left for Dead,2009-10-08,8.556,1214
1125510,The Platform 2,2024-09-27,8.1433,1276
339846,Baywatch,2017-05-25,8.499,8286
10047,The Messenger: The Story of Joan of Arc,1999-10-27,7.8489,1519
2907,The Addams Family,1991-11-22,7.2193,4820
10009,Brother Bear,2003-10-23,7.7852,5593
458423,Mamma Mia! Here We Go Again,2018-07-18,6.0476,3475
10330,Freaky Friday,2003-08-05,7.7609,4048
8961,Bad Boys II,2003-07-18,8.7962,5712
11247,A Cinderella Story,2004-07-16,8.1209,3295
365620,Ferrari,2023-12-14,7.4446,1135
257344,Pixels,2015-07-16,8.3567,7797
512195,Red Notice,2021-11-04,7.9082,6115
10528,Sherlock Holmes,2009-12-23,8.4045,14346
568,Apollo 13,1995-06-30,7.6562,5616
335988,Transformers: The Last Knight,2017-06-16,8.2765,6474
21575,A Prophet,2009-08-26,8.6317,1633
483906,Polar,2019-01-25,8.3134,2343
22538,Scott Pilgrim vs. the World,2010-08-12,8.0065,8214
177677,Mission: Impossible - Rogue Nation,2015-07-28,9.1142,9313
420817,Aladdin,2019-05-22,8.5318,10356
9614,Happy Gilmore,1996-02-16,7.9559,3099
290859,Terminator: Dark Fate,2019-10-23,8.8506,5399
45317,The Fighter,2010-12-10,6.8416,4515
12201,Edge of Darkness,2010-01-28,7.7885,1599
1771,Captain America: The First Avenger,2011-07-22,8.7656,22153
615777,Babylon,2022-12-22,7.7048,3495
604,The Matrix Reloaded,2003-05-15,8.4113,11458
245913,Pelé: Birth of a Legend,2016-05-06,7.3438,1120
2454,The Chronicles of Narnia: Prince Caspian,2008-05-15,7.7231,6563
8078,Alien Resurrection,1997-11-12,7.8004,5279
190859,American Sniper,2014-12-25,8.5744,13274
254320,The Lobster,2015-10-15,5.9492,6562
161,Ocean's Eleven,2001-12-07,9.5266,12063
37724,Skyfall,2012-10-24,8.2028,15627
82695,Les Misérables,2012-12-18,8.1508,5421
1271,300,2007-03-07,7.5456,14223
13888,Return to the Blue Lagoon,1991-08-02,8.2861,1214
18240,The Proposal,2009-06-02,7.7446,7168
823625,Blacklight,2022-02-10,7.7125,1185
9693,Children of Men,2006-09-22,10.0491,7459
9722,Bewitched,2005-06-21,7.7075,1589
423204,Angel Has Fallen,2019-08-21,8.2751,3678
10184,He's Just Not That Into You,2009-02-06,7.8357,3887
1278,The Dreamers,2003-10-10,7.9454,2977
117263,Olympus Has Fallen,2013-03-20,8.7788,6817
1607,A Bronx Tale,1993-10-01,7.2832,2673
24,Kill Bill: Vol. 1,2003-10-10,7.8451,18157
458594,Peppermint,2018-09-06,7.8958,2139
9737,Bad Boys,1995-04-07,7.5019,6668
7299,Equilibrium,2002-12-06,8.8825,4755
445571,Game Night,2018-02-15,7.7271,6028
41446,Scream 4,2011-04-13,8.4001,3942
11970,Hercules,1997-06-13,7.8863,7698
578701,Those Who Wish Me Dead,2021-05-05,7.81,1735
184345,A Haunted House 2,2014-04-17,8.8146,1517
453,A Beautiful Mind,2001-12-14,7.3871,10639
979,Irreversible,2002-05-22,8.3558,3084
23168,The Town,2010-09-15,8.2993,5319
6145,Fracture,2007-04-19,8.4831,4097
50546,Just Go with It,2011-02-10,7.4245,5926
425909,Ghostbusters: Afterlife,2021-11-18,9.1518,4907
447332,A Quiet Place,2018-04-03,7.2927,14784
74997,The Human Centipede 2 (Full Sequence),2011-10-06,8.7197,1365
882598,Smile,2022-09-23,9.4647,3747
1593,Night at the Museum,2006-12-20,8.2335,10579
616,The Last Samurai,2003-12-05,7.6366,7189
114,Pretty Woman,1990-03-23,7.7405,8627
2503,The Bourne Ultimatum,2007-08-03,8.2225,7996
3597,I Know What You Did Last Summer,1997-10-17,7.9991,3065
6114,Bram Stoker's Dracula,1992-11-13,8.4598,5453
843,In the Mood for Love,2000-09-29,8.0526,3044
240832,Lucy,2014-07-25,8.207,16574
263115,Logan,2017-02-28,8.0833,19865
8358,Cast Away,2000-12-22,7.5893,11831
9023,Spirit: Stallion of the Cimarron,2002-05-24,7.5541,4770
666277,Past Lives,2023-06-02,7.7613,2036
11619,Flushed Away,2006-10-22,7.4352,3961
193893,Let's Be Cops,2014-08-13,8.013,2873
34851,Predators,2010-07-07,7.8234,4364
9476,A Knight's Tale,2001-05-11,8.2936,3214
10867,Malena,2000-03-16,7.6565,2375
11362,The Count of Monte Cristo,2002-01-23,7.7345,1905
76163,The Expendables 2,2012-08-08,8.4256,6933
877817,Wolfs,2024-09-20,7.1298,1235
8656,Deep Impact,1998-05-08,7.0666,3139
72570,The Vow,2012-02-05,7.5843,4146
695721,The Hunger Games: The Ballad of Songbirds & Snakes,2023-11-15,7.5928,3220
437342,The First Omen,2024-04-03,7.8393,1159
614479,Insidious: The Red Door,2023-07-05,7.3162,1842
855,Black Hawk Down,2001-12-28,8.0477,6060
201088,Blackhat,2015-01-13,5.8662,2097
22803,Law Abiding Citizen,2009-10-15,8.0797,5419
37135,Tarzan,1999-06-17,8.3669,7055
44833,Battleship,2012-04-11,7.1573,5714
101299,The Hunger Games: Catching Fire,2013-11-15,7.9777,17907
60670,The Crimson Rivers,2000-09-27,8.8947,1615
22832,Ninja Assassin,2009-09-29,8.2335,1652
7446,Tropic Thunder,2008-08-09,8.2747,6586
676,Pearl Harbor,2001-05-21,6.9092,6752
588,Silent Hill,2006-04-21,7.9489,4556
11104,Chungking Express,1994-07-14,7.9372,2015
345938,The Shack,2017-03-03,9.0252,2196
522162,Midway,2019-11-06,7.5867,2586
62835,Colombiana,2011-07-27,7.1153,2714
705996,Decision to Leave,2022-06-29,7.8625,1348
11237,Anacondas: The Hunt for the Blood Orchid,2004-08-25,7.9446,1030
18823,Clash of the Titans,2010-03-26,9.7204,6462
302946,The Accountant,2016-10-13,7.9162,6981
96721,Rush,2013-09-02,6.9353,7488
71676,Ghost Rider: Spirit of Vengeance,2011-12-10,7.4802,3918
131634,The Hunger Games: Mockingjay - Part 2,2015-11-18,8.3554,12945
107,Snatch,2000-09-01,7.3077,9488
9823,Mortal Kombat: Annihilation,1997-11-11,7.8241,1250
141,Donnie Darko,2001-01-19,8.7974,12923
7485,Shooter,2007-03-22,8.0737,5169
322,Mystic River,2003-10-08,6.8719,7068
9645,Ghost Ship,2002-10-25,7.5475,2520
80278,The Impossible,2012-09-09,7.5678,6491
50647,Wanderlust,2012-02-23,7.5732,1284
965150,Aftersun,2022-10-21,7.239,1640
10591,The Girl Next Door,2004-04-09,7.619,3764
363088,Ant-Man and the Wasp,2018-07-04,6.3763,13758
95,Armageddon,1998-07-01,7.2223,8260
565,The Ring,2002-10-18,7.8732,6390
2758,Addams Family Values,1993-11-19,7.9379,3168
777443,The Electric State,2025-03-07,7.7911,1374
360920,The Grinch,2018-11-08,6.8783,4244
719221,Tarot,2024-05-01,7.0362,1269
50646,"Crazy, Stupid, Love.",2011-07-29,6.8652,8898
1023922,MaXXXine,2024-07-04,7.3166,1234
44896,Rango,2011-03-02,6.7142,6815
8872,Wayne's World,1992-02-14,8.3279,2351
10555,Shark Tale,2004-09-20,7.6584,6499
227159,Horrible Bosses 2,2014-11-12,7.8419,4247
955,Mission: Impossible II,2000-05-24,8.0485,7205
774825,The Ice Age Adventures of Buck Wild,2022-01-28,7.7774,1772
181533,Night at the Museum: Secret of the Tomb,2014-12-17,7.8457,6039
72559,G.I. Joe: Retaliation,2013-03-27,8.3928,5618
35,The Simpsons Movie,2007-07-25,11.1714,8287
276907,Legend,2015-09-09,7.7492,4063
9884,Collateral Damage,2002-02-06,7.9021,1421
447362,Life in a Year,2020-11-27,8.5858,1936
163,Ocean's Twelve,2004-12-09,7.0548,7548
11601,Stir of Echoes,1999-09-10,8.0292,1283
82507,Sinister,2012-03-29,9.3587,5775
630586,Wrong Turn,2021-01-26,7.4687,1231
241259,Alice Through the Looking Glass,2016-05-25,7.838,6600
10438,Beethoven's 2nd,1993-12-14,7.3437,1017
345940,The Meg,2018-08-09,7.8488,7935
11808,U.S. Marshals,1998-03-06,7.4929,1693
9946,End of Days,1999-11-24,6.3849,1944
329,Jurassic Park,1993-06-11,7.8265,17142
10530,Pocahontas,1995-06-16,7.1007,5884
454527,Benedetta,2021-07-09,7.8729,1087
334074,Survivor,2015-05-21,8.1523,1040
9757,Norbit,2007-02-08,7.321,2495
86331,Desire,2011-10-06,7.5692,1336
9880,The Princess Diaries,2001-08-03,6.7887,5114
558,Spider-Man 2,2004-06-25,7.1048,15748
8277,American Pie Presents: Beta House,2007-12-19,7.0834,1938
530385,Midsommar,2019-07-03,7.8017,7622
10538,Passenger 57,1992-11-06,8.1489,1058
250734,Far from the Madding Crowd,2015-04-23,8.2588,1068
37799,The Social Network,2010-10-01,7.3346,12651
105864,The Good Dinosaur,2015-11-14,7.0416,5794
44264,True Grit,2010-12-22,6.8897,5485
624860,The Matrix Resurrections,2021-12-16,7.6755,6124
1075794,Leo,2023-11-17,8.2256,1274
257211,The Intern,2015-09-23,7.4343,7025
232672,Blended,2014-05-21,7.5035,3673
593643,The Menu,2022-11-17,8.1428,5595
137,Groundhog Day,1993-02-11,7.9994,8426
137106,The Lego Movie,2014-02-06,7.1574,8147
345887,The Equalizer 2,2018-07-19,8.1558,5663
270303,It Follows,2015-02-04,7.8578,6647
14869,G.I. Joe: The Rise of Cobra,2009-08-03,6.4874,4754
637,Life Is Beautiful,1997-12-20,6.9966,13553
451915,Beautiful Boy,2018-10-12,7.6254,2715
36647,Blade,1998-08-21,8.2028,6373
5175,Rush Hour 2,2001-08-03,7.0356,4353
614930,Teenage Mutant Ninja Turtles: Mutant Mayhem,2023-07-31,8.3207,1469
273248,The Hateful Eight,2015-12-25,8.1195,14732
10527,Madagascar: Escape 2 Africa,2008-10-30,7.4749,7164
9655,She's the Man,2006-03-17,6.6686,3172
949423,Pearl,2022-09-16,8.0051,2324
593910,Cinderella,2021-09-03,7.3598,1432
417320,Descendants 2,2017-07-21,6.7068,1725
594767,Shazam! Fury of the Gods,2023-03-15,7.536,3433
193756,Lone Survivor,2013-12-24,7.3119,4528
71552,American Reunion,2012-04-04,6.7069,4536
602223,The Forever Purge,2021-06-30,7.4503,2583
10140,The Chronicles of Narnia: The Voyage of the Dawn Treader,2010-12-02,6.7164,5727
37861,Valhalla Rising,2009-09-04,7.6864,1257
334541,Manchester by the Sea,2016-11-17,7.0287,6136
335787,Uncharted,2022-02-10,7.0954,6433
698948,Thirteen Lives,2022-07-18,7.6569,1376
497582,Enola Holmes,2020-09-23,7.1014,6274
460465,Mortal Kombat,2021-04-07,6.7417,6069
1029955,Kinds of Kindness,2024-05-30,8.3841,1095
700391,65,2023-03-02,7.2437,2643
158852,Tomorrowland,2015-05-19,9.7822,7163
62211,Monsters University,2013-06-19,6.5978,10982
2114,Final Fantasy: The Spirits Within,2001-07-02,6.8444,1526
1111873,Abigail,2024-04-16,7.5205,1714
1391,Y Tu Mamá También,2001-06-08,7.7654,1638
11001,Blue Streak,1999-09-17,7.2583,1547
3176,Battle Royale,2000-12-16,7.9159,3604
49046,All Quiet on the Western Front,2022-10-07,6.8234,4311
80321,Madagascar 3: Europe's Most Wanted,2012-06-06,7.0775,6356
1949,Zodiac,2007-03-02,7.0728,11056
9637,Scooby-Doo,2002-06-14,6.5095,4596
274854,The Last Witch Hunter,2015-10-21,7.0971,3717
256274,"As Above, So Below",2014-08-14,7.0773,3666
744276,After Ever Happy,2022-08-24,6.7584,1302
1735,The Mummy: Tomb of the Dragon Emperor,2008-07-01,6.602,4610
1573,Die Hard 2,1990-07-03,8.2436,6101
293167,Kong: Skull Island,2017-03-08,6.4634,10801
670292,The Creator,2023-09-27,6.9561,3510
848538,Argylle,2024-01-31,7.1874,1568
944,Lethal Weapon 4,1998-07-10,7.6344,2786
1001311,Under Paris,2024-06-04,6.8055,1338
1079091,It Ends with Us,2024-08-07,6.4396,1721
10707,The Squid and the Whale,2005-10-05,7.9108,1023
64682,The Great Gatsby,2013-05-09,7.2571,12617
343611,Jack Reacher: Never Go Back,2016-10-19,7.781,5091
10196,The Last Airbender,2010-06-30,6.5532,4105
14,American Beauty,1999-09-15,7.5335,12564
9297,Monster House,2006-06-30,7.7069,4151
19404,Dilwale Dulhania Le Jayenge,1995-10-20,7.4626,4508
6477,Alvin and the Chipmunks,2007-12-13,7.1578,4613
398818,Call Me by Your Name,2017-07-28,6.6443,12439
5255,The Polar Express,2004-11-10,8.004,6602
180,Minority Report,2002-06-20,7.4298,9170
73,American History X,1998-07-01,7.4834,12059
205587,The Judge,2014-10-08,7.3315,4265
10386,The Iron Giant,1999-08-06,7.215,5884
206647,Spectre,2015-10-26,7.3863,10845
8077,Alien³,1992-05-22,6.8566,6049
120467,The Grand Budapest Hotel,2014-02-26,7.8113,15428
53182,300: Rise of an Empire,2014-03-05,7.6809,6722
4133,Blow,2001-04-04,7.2365,4441
375262,The Favourite,2018-11-23,6.833,5686
776503,CODA,2021-08-13,6.9178,2402
615,The Passion of the Christ,2004-02-25,7.4569,4923
283366,Miss Peregrine's Home for Peculiar Children,2016-09-27,6.4708,10247
57214,Project X,2012-03-01,7.7207,6565
15370,The Cat Returns,2002-07-19,7.9361,2340
122906,About Time,2013-09-04,7.0483,8890
316029,The Greatest Showman,2017-12-20,6.8571,9748
503619,The Package,2018-08-10,7.2023,1222
9837,The Prince of Egypt,1998-12-16,6.638,4141
1893,Star Wars: Episode I - The Phantom Menace,1999-05-19,7.0886,15249
15092,Crank: High Voltage,2009-04-16,7.3013,2992
14574,The Boy in the Striped Pyjamas,2008-05-07,7.2926,7414
602,Independence Day,1996-06-25,7.6535,9983
1895,Star Wars: Episode III - Revenge of the Sith,2005-05-17,6.8665,14363
943,Lethal Weapon 3,1992-05-15,6.7384,3061
9335,Transporter 2,2005-08-03,6.7197,3764
34544,The A-Team,2010-06-09,6.1384,4809
36593,Naked Gun 33⅓: The Final Insult,1994-03-18,7.4041,2312
9316,Ong Bak,2003-01-21,7.1254,1756
435,The Day After Tomorrow,2004-05-26,7.0726,8489
21208,Orphan,2009-07-24,7.2534,5440
307081,Southpaw,2015-03-24,7.6627,5623
297270,Tinker Bell and the Legend of the NeverBeast,2014-12-12,7.5642,1139
24150,Halloween II,2009-08-28,7.3969,1469
19912,The Final Destination,2009-08-26,7.6763,3698
201085,Crimson Peak,2015-10-13,6.7707,5070
267860,London Has Fallen,2016-03-02,6.8044,4904
1267,Meet the Robinsons,2007-03-23,7.0569,3005
11005,Awakenings,1990-12-04,6.7095,2694
768334,A Classic Horror Story,2021-07-01,7.7349,1002
438799,Overlord,2018-11-01,6.9563,2972
9339,Click,2006-06-23,6.7721,7268
640146,Ant-Man and the Wasp: Quantumania,2023-02-15,7.5398,5441
172385,Rio 2,2014-03-19,7.3696,3627
339964,Valerian and the City of a Thousand Planets,2017-07-19,8.0523,7720
399402,Hunter Killer,2018-10-19,6.4616,2263
8909,Wanted,2008-06-19,6.5426,7307
119283,Parker,2013-01-23,6.1682,3146
1824,50 First Dates,2004-02-13,7.8051,7448
529203,The Croods: A New Age,2020-11-25,7.5443,3987
146216,RED 2,2013-07-18,6.7592,4160
7518,Over the Hedge,2006-05-17,6.6037,4640
969492,Land of Bad,2024-02-09,7.2332,1335
23483,Kick-Ass,2010-03-26,7.2872,12008
10189,Pineapple Express,2008-08-06,6.6691,3993
508,Love Actually,2003-09-07,6.9249,7053
642885,Hocus Pocus 2,2022-09-27,7.2566,1751
124905,Godzilla,2014-05-14,6.8473,9443
22794,Cloudy with a Chance of Meatballs,2009-09-17,6.8034,6215
76757,Jupiter Ascending,2015-02-04,6.7589,6903
9016,Treasure Planet,2002-11-26,7.002,4410
11351,Jeepers Creepers 2,2003-08-08,7.5222,1728
291805,Now You See Me 2,2016-06-02,7.0627,11064
337170,American Made,2017-08-18,7.1853,4746
454983,The Kissing Booth,2018-05-11,7.2735,7337
2899,Asterix & Obelix: Mission Cleopatra,2002-01-30,6.9771,3656
399360,Alpha,2018-08-17,6.7401,2639
560057,The Sea Beast,2022-06-24,6.862,1596
46738,Incendies,2010-09-17,7.5771,3019
1255,The Host,2006-07-27,8.2333,2965
381289,A Dog's Purpose,2017-01-19,6.5134,3435
4944,Burn After Reading,2008-09-05,6.3299,4958
599975,Countdown,2019-10-24,7.163,2207
61012,Silent Hill: Revelation 3D,2012-10-10,6.953,1724
44912,Green Lantern,2011-06-14,6.7279,7427
385128,F9,2021-05-19,6.6685,7466
7508,Like Stars on Earth,2007-12-21,7.8241,1241
661374,Glass Onion: A Knives Out Mystery,2022-11-23,6.2927,6114
509967,6 Underground,2019-12-10,6.9734,4961
812,Aladdin,1992-11-25,7.6296,11626
315011,Shin Godzilla,2016-07-29,6.7339,1453
10830,Matilda,1996-08-02,7.3232,4623
420809,Maleficent: Mistress of Evil,2019-10-16,7.3877,6303
608,Men in Black II,2002-07-03,6.2905,10269
11470,Jason X,2001-11-09,6.3192,1433
318846,The Big Short,2015-12-11,6.3436,9406
1624,Liar Liar,1997-03-21,6.9386,5968
1018,Mulholland Drive,2001-06-06,7.7833,6666
8467,Dumb and Dumber,1994-12-16,7.5574,6387
779782,The School for Good and Evil,2022-10-19,6.8503,1315
412117,The Secret Life of Pets 2,2019-05-24,7.1975,3212
83542,Cloud Atlas,2012-10-26,6.7403,7280
175112,Tinker Bell and the Pirate Fairy,2014-02-13,6.2372,1038
50544,Friends with Benefits,2011-07-21,6.4139,8155
4982,American Gangster,2007-11-02,6.8393,5737
537996,The Ballad of Buster Scruggs,2018-11-09,6.682,4228
379149,The Foreigner,2017-09-28,7.84,2771
723072,Host,2020-12-04,7.1866,1020
9408,Surf's Up,2007-06-08,7.0212,2618
22970,The Cabin in the Woods,2012-04-12,8.2899,8190
68722,The Master,2012-09-14,6.0873,3118
10428,Hackers,1995-09-14,7.2576,1374
343668,Kingsman: The Golden Circle,2017-09-20,6.4868,10761
400155,Hotel Transylvania 3: Summer Vacation,2018-06-28,7.0577,4581
10022,The Pacifier,2005-03-04,6.9661,3119
591274,Fear Street: 1978,2021-07-08,7.1288,2082
581726,Infinite,2021-09-09,6.7716,2002
516486,Greyhound,2020-07-09,6.1688,3127
118340,Guardians of the Galaxy,2014-07-30,6.896,28902
476669,The King's Man,2021-12-22,6.6458,4816
353486,Jumanji: Welcome to the Jungle,2017-12-09,6.7962,14051
481084,The Addams Family,2019-10-10,7.3343,2406
568160,Weathering with You,2019-06-19,7.3304,2470
522402,Finch,2021-11-04,7.353,3750
74308,Detachment,2011-04-24,5.8494,1835
72105,Ted,2012-06-29,6.8995,12759
25475,Tinker Bell and the Lost Treasure,2009-09-03,7.5368,1075
399361,Triple Frontier,2019-03-06,6.2244,3371
747,Shaun of the Dead,2004-04-09,7.1938,8898
1022796,Wish,2023-11-13,6.3135,1669
861,Total Recall,1990-06-01,6.8994,6114
442249,The First Purge,2018-07-04,6.7639,4093
619264,The Platform,2019-11-08,6.2721,7517
1106739,Juror #2,2024-10-30,7.882,2090
7512,Idiocracy,2006-09-01,7.3696,3261
361292,Suspiria,2018-10-26,6.1976,2649
254470,Pitch Perfect 2,2015-05-07,7.3304,5402
786,Almost Famous,2000-09-15,5.9639,2931
2118,L.A. Confidential,1997-09-19,6.6456,5238
402900,Ocean's Eight,2018-06-07,7.2833,8529
393,Kill Bill: Vol. 2,2004-04-16,6.929,14467
400928,Gifted,2017-04-07,7.4397,5753
11621,Porco Rosso,1992-07-18,6.2433,3504
4234,Scream 3,2000-02-04,6.8116,3807
644,A.I. Artificial Intelligence,2001-06-29,7.3966,6394
481848,The Call of the Wild,2020-02-19,5.8693,3847
527641,Five Feet Apart,2019-03-14,6.887,5775
49047,Gravity,2013-10-03,6.3333,15818
6878,Homeward Bound: The Incredible Journey,1993-02-03,6.1777,1073
545609,Extraction,2020-04-23,6.4323,6339
840430,The Holdovers,2023-10-27,4.9515,2146
9992,Arthur and the Invisibles,2006-12-13,6.8774,2946
1894,Star Wars: Episode II - Attack of the Clones,2002-05-15,6.9209,13805
429351,12 Strong,2018-01-18,6.43,3080
5503,The Fugitive,1993-08-06,6.8645,4529
7555,Rambo,2008-01-24,6.7594,4087
8920,Garfield,2004-06-10,6.6635,4139
1226578,Longlegs,2024-07-10,8.0377,2255
87827,Life of Pi,2012-11-20,5.7192,13416
88751,Journey to the Center of the Earth,2008-07-10,7.0235,4976
726759,Tetris,2023-03-15,6.0731,1539
8871,How the Grinch Stole Christmas,2000-11-17,7.2366,7883
46529,I Am Number Four,2011-02-18,6.9601,4800
752,V for Vendetta,2006-02-23,7.1234,15023
10665,The Strangers,2008-05-29,6.9309,2525
976893,Perfect Days,2023-11-10,6.7222,1599
281338,War for the Planet of the Apes,2017-07-11,6.4577,9383
9381,Babylon A.D.,2008-08-20,5.773,2168
395991,Only the Brave,2017-09-22,6.7781,1720
526896,Morbius,2022-03-30,6.6831,4599
11212,Baby's Day Out,1994-07-01,5.6284,1378
374720,Dunkirk,2017-07-19,6.2161,17019
9378,Thir13en Ghosts,2001-10-26,5.8284,2249
100402,Captain America: The Winter Soldier,2014-03-20,7.6505,19425
725201,The Gray Man,2022-07-13,6.5588,3933
762975,Purple Hearts,2022-07-29,6.6518,2749
324852,Despicable Me 3,2017-06-15,6.3313,7412
55301,Alvin and the Chipmunks: Chipwrecked,2011-12-14,6.5702,2279
44943,Battle: Los Angeles,2011-03-08,5.8802,3585
565770,Blue Beetle,2023-08-16,6.0069,2914
13836,Race to Witch Mountain,2009-03-13,7.0039,1751
591273,Fear Street: 1994,2021-06-28,7.4689,2480
238615,Self/less,2015-07-10,6.9168,3185
1581,The Holiday,2006-12-05,6.6178,5352
1637,Speed,1994-06-09,6.3809,6500
2024,The Patriot,2000-06-28,6.8111,4098
77950,Turbo,2013-07-11,6.2994,3551
49797,I Saw the Devil,2010-08-12,6.7853,2800
1096197,No Way Up,2024-01-18,6.7964,1059
44214,Black Swan,2010-12-03,7.4377,15035
744275,After We Fell,2021-09-01,6.1884,2674
1572,Die Hard: With a Vengeance,1995-05-19,6.508,6379
223702,Sausage Party,2016-07-11,6.708,7514
33909,Wall Street: Money Never Sleeps,2010-09-20,6.2662,1599
205584,Gods of Egypt,2016-02-25,6.5216,4191
869,Planet of the Apes,2001-07-25,6.2697,4238
458723,Us,2019-03-14,6.0305,7741
331482,Little Women,2019-12-25,6.7829,6550
13053,Bolt,2008-11-21,6.3093,6298
39514,RED,2010-10-13,6.8803,6910
11430,The Lion King 1½,2004-10-28,6.8371,3060
2048,"I, Robot",2004-07-15,6.7828,12223
116149,Paddington,2014-11-24,5.5552,3993
268896,Pacific Rim: Uprising,2018-03-21,5.8048,5140
1954,The Butterfly Effect,2004-01-17,7.2244,7853
10431,War,2007-08-24,6.9472,1946
153,Lost in Translation,2003-09-18,6.788,7694
884605,No Hard Feelings,2023-06-15,6.6665,3511
581392,Peninsula,2020-07-15,6.7817,2467
602269,The Little Things,2021-01-28,7.2538,2647
473033,Uncut Gems,2019-08-30,6.1017,5053
338967,Zombieland: Double Tap,2019-10-09,6.9818,5985
7445,Brothers,2009-12-02,8.4585,3765
9323,Ghost in the Shell,1995-11-18,6.2986,3646
817,Austin Powers: The Spy Who Shagged Me,1999-06-08,6.2047,3482
433808,The Ritual,2017-10-11,5.9948,3233
2268,The Golden Compass,2007-12-04,7.7116,4682
330459,Rogue One: A Star Wars Story,2016-12-14,5.8445,15879
1791,The Piano Teacher,2001-09-05,6.3117,1180
646380,Don't Look Up,2021-12-08,6.1885,8797
522924,The Art of Racing in the Rain,2019-08-08,7.2195,1580
401981,Red Sparrow,2018-02-15,5.7922,6169
27582,The Mechanic,2011-01-13,6.8823,3405
13475,Star Trek,2009-05-06,5.6607,10157
10987,Halloween: The Curse of Michael Myers,1995-09-29,6.879,1174
8839,Casper,1995-05-26,6.3838,4730
8649,Bringing Out the Dead,1999-10-22,7.0416,1140
12244,9,2009-08-19,6.9491,3715
951491,Saw X,2023-09-27,6.5304,2192
9495,The Crow,1994-05-11,6.4348,4310
77016,End of Watch,2012-09-20,6.8155,3435
10315,Fantastic Mr. Fox,2009-10-14,6.8526,5795
13207,Friday the 13th,2009-02-11,5.7565,2738
466282,To All the Boys I've Loved Before,2018-08-17,6.1242,8580
24420,The Time Traveler's Wife,2009-08-14,6.8029,2586
76494,What to Expect When You're Expecting,2012-05-17,7.3971,1823
460458,Resident Evil: Welcome to Raccoon City,2021-11-24,7.5085,2574
49519,The Croods,2013-03-15,6.6752,7303
109451,Cloudy with a Chance of Meatballs 2,2013-09-26,6.4427,3349
675445,PAW Patrol: The Movie,2021-08-09,6.614,1241
115,The Big Lebowski,1998-03-06,6.6844,11690
1592,Primal Fear,1996-03-06,5.8109,3638
51608,The Man from Nowhere,2010-08-04,7.0358,1393
8643,The Exorcism of Emily Rose,2005-09-09,6.0766,2904
336843,Maze Runner: The Death Cure,2018-01-10,7.7354,8104
9603,Clueless,1995-07-19,6.2528,4619
3981,What Women Want,2000-12-15,6.5813,4126
415,Batman & Robin,1997-06-20,6.4584,5202
531219,Roald Dahl's The Witches,2020-10-26,9.5736,2883
57165,Wrath of the Titans,2012-03-28,6.7904,4347
6957,The 40 Year Old Virgin,2005-08-11,6.6843,6947
38700,Bad Boys for Life,2020-01-15,7.3635,8503
2251,Unfaithful,2002-05-10,6.467,1613
2289,Cold Mountain,2003-12-24,6.0177,1863
19959,Surrogates,2009-09-24,5.754,3287
504253,I Want to Eat Your Pancreas,2018-09-01,7.6264,1672
23629,Sucker Punch,2011-03-24,6.7359,4878
364,Batman Returns,1992-06-19,6.7302,6806
381288,Split,2017-01-19,6.427,17858
913,The Thomas Crown Affair,1999-08-06,6.653,1263
42949,Arthur 3: The War of the Two Worlds,2010-08-22,6.3446,1556
745,The Sixth Sense,1999-08-06,7.1388,12275
76493,The Dictator,2012-05-15,7.2008,6121
2034,Training Day,2001-10-05,6.296,6254
375588,Robin Hood,2018-11-03,5.6514,3048
117251,White House Down,2013-06-27,6.7138,4925
9473,"South Park: Bigger, Longer & Uncut",1999-06-24,6.1196,2811
251,Ghost,1990-07-13,6.8951,5784
1883,Malcolm X,1992-11-18,6.9963,1779
423,The Pianist,2002-09-17,6.9005,9695
37094,Falling Down,1993-02-26,6.4298,3864
534,Terminator Salvation,2009-05-20,6.9038,6737
605886,To Catch a Killer,2023-04-06,6.5786,1189
274857,King Arthur: Legend of the Sword,2017-05-10,6.0009,5859
22894,Legion,2010-01-21,5.5476,2737
58574,Sherlock Holmes: A Game of Shadows,2011-11-22,5.3588,10619
51620,Death Race 2,2010-11-12,6.1188,1144
43347,Love & Other Drugs,2010-11-04,6.8426,5374
28178,Hachi: A Dog's Tale,2009-06-08,6.3794,6925
77866,Contraband,2012-01-12,6.2706,2118
1571,Live Free or Die Hard,2007-06-20,6.0561,6086
217,Indiana Jones and the Kingdom of the Crystal Skull,2008-05-21,5.7946,8672
397567,Along with the Gods: The Two Worlds,2017-12-20,6.4183,1118
13673,Christmas with the Kranks,2004-11-24,6.0843,1223
2770,American Pie 2,2001-08-10,6.3782,5089
1089,Point Break,1991-07-12,6.3916,3766
9793,The Hills Have Eyes 2,2007-03-22,6.9631,1533
559907,The Green Knight,2021-07-29,6.2846,2047
579974,RRR,2022-03-24,6.3928,1451
399566,Godzilla vs. Kong,2021-03-24,7.4305,10326
1830,Lord of War,2005-09-16,6.0828,5049
1213,The Talented Mr. Ripley,1999-12-25,6.1422,3937
116745,The Secret Life of Walter Mitty,2013-12-18,6.9688,7918
4108,The Transporter,2002-10-02,6.2202,5567
9802,The Rock,1996-06-07,6.4351,4935
59859,Kick-Ass 2,2013-07-17,5.8343,6355
445651,The Darkest Minds,2018-07-25,6.4468,2875
13483,Awake,2007-11-28,5.8363,1421
194662,Birdman or (The Unexpected Virtue of Ignorance),2014-10-17,5.9907,13178
6795,Zathura: A Space Adventure,2005-11-06,6.0162,3421
302699,Central Intelligence,2016-06-15,6.2919,6139
13510,Eden Lake,2008-09-12,6.2824,1949
77174,ParaNorman,2012-08-03,6.4385,2637
5528,The Chorus,2004-03-17,6.9785,2512
664,Twister,1996-05-10,5.6173,3647
412656,Chaos Walking,2021-02-24,5.8779,2432
10096,13 Going on 30,2004-04-13,6.6773,5346
64688,21 Jump Street,2012-03-14,5.6346,10622
13179,Tinker Bell,2008-09-11,6.7921,1508
62764,Mirror Mirror,2012-03-15,6.2778,3216
807172,The Exorcist: Believer,2023-10-04,6.2784,1178
186,Lucky Number Slevin,2006-02-24,6.6087,4248
308266,War Dogs,2016-08-18,6.6815,5195
8051,Punch-Drunk Love,2002-10-11,6.4812,2527
592350,My Hero Academia: Heroes Rising,2019-12-20,6.6653,1227
9919,How to Lose a Guy in 10 Days,2003-02-07,5.9831,4241
348350,Solo: A Star Wars Story,2018-05-15,5.9494,8938
515001,Jojo Rabbit,2019-10-18,7.1193,9974
550205,Wish Dragon,2021-01-15,6.6812,1410
9982,Chicken Little,2005-11-04,5.999,4024
263472,Knock Knock,2015-06-26,6.5024,3341
486589,Red Shoes and the Seven Dwarfs,2019-07-25,5.6443,1108
635910,The Last Voyage of the Demeter,2023-08-09,5.5032,1789
82525,Savages,2012-07-06,6.3028,2208
547,The Horse Whisperer,1998-02-01,6.2496,1147
171424,The Green Inferno,2013-09-08,6.3966,1512
337401,Mulan,2020-09-04,9.3022,6888
1071215,Thanksgiving,2023-11-16,6.3882,1417
51739,The Secret World of Arrietty,2010-07-16,6.5525,2990
353491,The Dark Tower,2017-08-03,6.0903,5332
109439,The Hangover Part III,2013-05-23,6.7307,8922
146,"Crouching Tiger, Hidden Dragon",2000-07-06,5.8332,3381
4977,Paprika,2006-10-01,6.3716,2660
4148,Revolutionary Road,2008-12-19,6.6711,3958
297761,Suicide Squad,2016-08-03,6.823,21617
262504,Allegiant,2016-03-09,5.924,6770
9550,House of Flying Daggers,2004-08-03,5.0505,1703
11635,Old School,2003-02-21,6.6617,1970
84892,The Perks of Being a Wallflower,2012-09-20,5.6899,10817
1040148,"Ruby Gillman, Teenage Kraken",2023-06-28,5.8752,1061
9481,The Bone Collector,1999-11-04,7.5355,3687
1970,The Grudge,2004-10-22,6.6248,3052
184,Jackie Brown,1997-12-25,5.8682,6653
311324,The Great Wall,2016-12-16,6.7105,5345
16366,Joseph: King of Dreams,2002-12-04,6.1993,1032
9315,Flightplan,2005-09-22,6.0176,2793
442062,Goosebumps 2: Haunted Halloween,2018-10-11,5.8939,1575
10634,Friday,1995-04-26,7.3244,1910
280180,Beverly Hills Cop: Axel F,2024-06-20,6.4142,1306
76025,Shame,2011-10-02,6.3254,3272
9341,The Core,2003-03-28,6.1081,2033
9869,Patriot Games,1992-06-04,5.8307,1717
187017,22 Jump Street,2014-06-05,6.6077,8204
470044,The Hate U Give,2018-10-19,7.1722,2173
49040,The Bourne Legacy,2012-08-08,6.4808,5876
11917,Saw V,2008-10-23,6.1576,3668
38810,Dogtooth,2009-10-22,6.2206,2478
406759,Moonfall,2022-02-02,6.396,3359
1900,Traffic,2000-12-27,5.6647,2266
19994,Jennifer's Body,2009-09-18,6.2994,4034
1100099,We Live in Time,2024-10-10,6.179,1048
278924,Mechanic: Resurrection,2016-08-25,5.9828,3493
10663,The Waterboy,1998-11-06,6.6623,1911
513576,Always Be My Maybe,2019-05-31,7.2027,1363
36648,Blade: Trinity,2004-12-08,6.4589,4108
4442,The Brothers Grimm,2005-08-26,6.3683,2823
228326,The Book of Life,2014-10-01,6.8776,2816
2019,Hard Target,1993-04-27,7.4946,1273
242224,The Babadook,2014-05-22,6.447,6202
317442,The Last: Naruto the Movie,2014-12-06,6.7922,2338
278927,The Jungle Book,2016-04-07,6.0373,8277
522016,The 355,2022-01-05,5.7998,1069
938614,Late Night with the Devil,2024-03-19,6.8551,1793
12162,The Hurt Locker,2008-10-10,6.0478,5860
2502,The Bourne Supremacy,2004-07-23,6.4297,7808
451048,Jungle Cruise,2021-07-28,5.8851,5912
11679,xXx: State of the Union,2005-04-27,6.6836,1932
414,Batman Forever,1995-06-16,6.2181,5369
399174,Isle of Dogs,2018-03-23,5.929,5148
214,Saw III,2006-10-26,5.5988,4735
225886,Sex Tape,2014-07-17,7.3281,4127
133805,Carrie,2013-10-16,7.2995,4592
2567,The Aviator,2004-12-17,6.7009,5565
14001,Dead Silence,2007-03-16,5.9941,2352
395,AVP: Alien vs. Predator,2004-08-12,6.3975,4700
796,Cruel Intentions,1999-03-05,6.0169,3407
1691,Hostel: Part II,2007-06-07,5.1469,2113
9291,The Longest Yard,2005-05-27,6.2128,3529
717930,Kandahar,2023-05-25,5.7983,1148
9788,Accepted,2006-08-18,5.4991,1637
16320,Serenity,2005-09-25,6.0954,3683
10567,Dinosaur,2000-05-19,6.256,2640
587,Big Fish,2003-12-25,5.7809,7479
921,Cinderella Man,2005-06-02,9.0175,2290
8922,Jeepers Creepers,2001-07-01,6.2422,3134
520172,Happiest Season,2020-11-26,4.6364,1263
87421,Riddick,2013-09-02,6.1201,4236
10637,Remember the Titans,2000-09-29,6.088,2790
8814,Doom,2005-10-20,6.3253,2326
579583,The King of Staten Island,2020-07-22,5.8781,1069
8329,[REC],2007-11-23,5.7034,4650
59440,Warrior,2011-09-09,5.948,4796
181886,Enemy,2014-03-14,5.9927,6152
7350,The Bucket List,2007-12-25,6.2501,3914
638974,Murder Mystery 2,2023-03-28,6.4742,1836
638507,How to Train Your Dragon: Homecoming,2019-12-03,6.221,1062
4258,Scary Movie 5,2013-04-11,5.7967,2894
2330,Taxi,1998-04-08,6.5614,2590
37137,The Naked Gun 2½: The Smell of Fear,1991-06-28,6.2828,2512
23202,Trick 'r Treat,2007-12-09,6.7362,1963
1991,Death Proof,2007-05-22,5.8852,5364
2164,Stargate,1994-10-28,5.0181,3595
14069,The Girl Who Leapt Through Time,2006-07-15,6.1719,2127
877269,Strange World,2022-11-23,5.8381,1351
9513,Garfield: A Tail of Two Kitties,2006-06-15,6.0091,2279
411088,The Invisible Guest,2017-01-06,5.6138,4764
310131,The Witch,2016-02-19,6.4515,7340
324670,Spectral,2016-12-09,6.6635,1833
449562,The Hustle,2019-05-09,5.9064,2599
207768,I Spit on Your Grave 2,2013-08-25,5.8601,1355
497828,Triangle of Sadness,2022-09-18,6.1377,2578
536437,Hypnotic,2023-05-11,6.3255,1350
10647,Pay It Forward,2000-10-20,5.5307,1895
503736,Army of the Dead,2021-05-14,5.5533,4204
656690,The Social Dilemma,2020-01-26,6.1688,1685
451,Leaving Las Vegas,1995-10-27,5.722,1536
717728,Jeepers Creepers: Reborn,2022-09-15,6.3859,1029
9475,Scent of a Woman,1992-12-23,5.8698,3676
693,Meet the Fockers,2004-12-22,6.1309,4943
456740,Hellboy,2019-04-10,6.1623,3567
97370,Under the Skin,2014-03-14,5.9764,3611
320288,Dark Phoenix,2019-06-05,6.6132,6797
12403,A Perfect Getaway,2009-06-08,5.8595,1321
258509,Alvin and the Chipmunks: The Road Chip,2015-12-17,6.0622,1710
645886,The Unforgivable,2021-11-24,6.0831,1913
454640,The Angry Birds Movie 2,2019-08-02,6.4939,1798
93856,Chernobyl Diaries,2012-05-24,7.0516,1627
718789,Lightyear,2022-06-15,5.5959,3638
109410,42,2013-04-12,5.5235,1883
614696,#Alive,2020-06-24,5.9616,1938
8488,Hitch,2005-02-11,6.2454,6003
556694,Three Thousand Years of Longing,2022-08-24,5.7124,1535
455476,Knights of the Zodiac,2023-04-27,6.9884,1222
508965,Klaus,2019-11-08,5.3709,4359
1645,A Time to Kill,1996-07-24,5.3084,2700
587807,Tom & Jerry,2021-02-10,5.9537,2510
81796,Lockout,2012-04-12,6.1161,1893
338762,Bloodshot,2020-03-05,5.8377,5099
47933,Independence Day: Resurgence,2016-06-22,5.7686,6244
11932,Bride of Chucky,1998-10-15,6.5996,2021
1083862,Resident Evil: Death Island,2023-06-22,6.3697,1056
249070,Hitman: Agent 47,2015-08-20,6.1811,3156
2667,The Blair Witch Project,1999-07-14,5.4083,5139
37430,Conan the Barbarian,2011-08-17,5.7907,1931
563,Starship Troopers,1997-11-07,4.6428,5193
443463,Leave No Trace,2018-06-29,5.6562,1305
363676,Sully,2016-09-07,5.9906,7452
479,Shaft,2000-06-15,6.9199,1359
63,Twelve Monkeys,1995-12-29,6.7135,8713
8960,Hancock,2008-07-01,6.1451,9909
36586,Blade II,2002-03-22,6.568,4959
14411,Sinbad: Legend of the Seven Seas,2003-07-02,5.7327,2118
109428,Evil Dead,2013-04-05,5.5258,4813
726209,Leave the World Behind,2023-11-22,5.9572,2924
804095,The Fabelmans,2022-11-11,5.6602,2562
52520,Underworld: Awakening,2012-01-19,5.6501,4197
552178,Dark Waters,2019-11-22,5.8173,2354
2133,The Perfect Storm,2000-06-29,5.4249,2431
641,Requiem for a Dream,2000-10-06,5.5987,10496
364689,Ferdinand,2017-12-09,5.9187,2979
899082,Harry Potter 20th Anniversary: Return to Hogwarts,2022-01-01,6.3416,3437
424783,Bumblebee,2018-11-22,5.5641,6389
91586,Insidious: Chapter 2,2013-09-12,6.0642,4392
76726,Chronicle,2012-02-01,8.5546,5502
934632,Rebel Moon - Part Two: The Scargiver,2024-04-19,6.0548,1344
215,Saw II,2005-10-28,5.7323,5627
20662,Robin Hood,2010-05-12,5.4107,4808
59861,Larry Crowne,2011-06-30,6.6276,1358
4513,30 Days of Night,2007-10-17,6.158,2917
49524,R.I.P.D.,2013-07-18,5.1272,4138
560016,Monkey Man,2024-04-03,5.5803,1215
10775,Infernal Affairs,2002-12-12,5.9986,1751
339877,Loving Vincent,2017-06-22,5.0193,2534
10545,The Hunchback of Notre Dame,1996-06-21,6.2173,5191
64689,Killing Them Softly,2012-07-30,5.7629,2287
567189,Tom Clancy's Without Remorse,2021-04-29,5.9468,2556
645788,The Protégé,2021-08-19,6.3575,1064
449443,Den of Thieves,2018-01-18,6.3257,3215
277217,Descendants,2015-07-31,5.9077,2435
9593,Last Action Hero,1993-06-18,5.8013,2838
2270,Stardust,2007-08-10,5.7653,4233
275,Fargo,1996-03-08,5.4037,8587
405774,Bird Box,2018-12-13,6.2457,10237
710,GoldenEye,1995-11-16,6.185,4105
9905,Shallow Grave,1994-12-22,6.1836,1073
639721,The Addams Family 2,2021-10-01,5.8854,1352
11287,A League of Their Own,1992-07-01,5.0301,1464
15157,Another Cinderella Story,2008-09-16,6.4266,1987
10398,Double Jeopardy,1999-09-24,5.5551,1397
398978,The Irishman,2019-11-01,5.9696,7175
11186,Child's Play 2,1990-11-09,6.099,1926
76203,12 Years a Slave,2013-10-18,5.7217,11608
9679,Gone in Sixty Seconds,2000-06-09,5.7677,4649
505948,I Am Mother,2019-06-07,6.1587,2684
760161,Orphan: First Kill,2022-07-27,6.271,2219
13811,Knowing,2009-03-19,5.9052,5550
9767,The Break-Up,2006-06-01,5.1402,2747
399035,The Commuter,2018-01-11,5.7955,4485
346672,Underworld: Blood Wars,2016-11-24,4.8653,3799
504172,The Mule,2018-12-14,5.5766,5166
75258,Secret of the Wings,2012-08-17,6.5767,1319
324668,Jason Bourne,2016-07-27,6.116,5937
11674,101 Dalmatians,1996-11-27,5.6558,3498
9361,The Last of the Mohicans,1992-08-26,6.9794,3247
10200,The Day the Earth Stood Still,2008-12-10,6.3473,3568
8328,Step Up 2: The Streets,2008-02-14,5.7525,2351
799876,The Outfit,2022-02-25,5.8508,1236
505262,My Hero Academia: Two Heroes,2018-08-03,6.2469,1064
1995,Lara Croft: Tomb Raider,2001-06-15,5.9199,6288
8247,Jumper,2008-02-13,5.3908,5977
36669,Die Another Day,2002-11-17,5.7414,3694
600354,The Father,2020-12-23,6.1012,3415
121986,Frances Ha,2013-05-17,6.1965,1733
7442,Sleeping with the Enemy,1991-01-13,6.0362,1148
277,Underworld,2003-09-19,5.5325,6366
752623,The Lost City,2022-03-23,5.995,3781
551332,The Two Popes,2019-11-27,5.8671,3023
9836,Happy Feet,2006-11-16,5.219,5278
522938,Rambo: Last Blood,2019-09-18,6.126,4048
853,Enemy at the Gates,2001-02-28,5.3256,3841
6466,Freddy vs. Jason,2003-08-15,5.8637,2702
388,Inside Man,2006-03-17,5.9203,6065
33542,Rumble in the Bronx,1995-01-21,5.8831,1093
264660,Ex Machina,2015-01-21,5.7081,13724
153518,The Angry Birds Movie,2016-05-11,5.8559,3807
554230,The Lost Daughter,2021-12-15,6.056,1042
316727,The Purge: Election Year,2016-06-29,5.9049,5355
581,Dances with Wolves,1990-03-30,5.7234,4476
7484,Open Season,2006-09-27,5.311,2871
7191,Cloverfield,2008-01-15,5.7876,7445
38745,Gulliver's Travels,2010-12-23,6.2794,2462
62214,Frankenweenie,2012-10-04,5.5154,3469
19899,Couples Retreat,2009-09-19,7.348,2027
20453,3 Idiots,2009-12-23,5.7487,2537
338970,Tomb Raider,2018-03-05,6.0819,8087
9257,S.W.A.T.,2003-08-08,5.4935,2590
11187,Child's Play 3,1991-08-30,5.8285,1666
2898,As Good as It Gets,1997-12-19,5.0621,3938
157433,Pet Sematary,2019-04-04,5.9462,3309
10229,A Walk to Remember,2002-01-25,5.3815,4146
17111,Shutter,2004-09-09,6.5597,1316
19908,Zombieland,2009-10-02,6.914,12697
5876,The Mist,2007-11-21,5.2785,5535
667520,A Whisker Away,2020-06-18,5.9299,1440
788,Mrs. Doubtfire,1993-11-24,6.2218,6357
452832,Serenity,2019-01-24,5.5717,1565
1086747,The Watchers,2024-06-06,5.9504,1389
800939,Ticket to Paradise,2022-09-08,6.4505,1330
147441,Exodus: Gods and Kings,2014-12-03,5.5297,4691
196,Back to the Future Part III,1990-05-25,6.32,11060
126963,Dragon Ball Z: Battle of Gods,2013-03-30,6.6135,1589
205775,In the Heart of the Sea,2015-12-03,5.7638,4219
9804,Waterworld,1995-07-28,6.1818,3863
184314,Young & Beautiful,2013-08-21,7.5617,1275
581734,Nomadland,2021-01-29,7.0149,3161
1620,Hitman,2007-11-21,6.1087,3491
17609,Antichrist,2009-05-20,5.7251,2699
505436,Serial (Bad) Weddings 2,2019-01-30,6.3193,1297
1729,The Forbidden Kingdom,2008-04-17,5.4443,1808
1487,Hellboy,2004-04-02,6.4517,7140
1933,The Others,2001-08-02,6.0189,6839
400617,Phantom Thread,2017-12-25,5.9563,3610
4347,Atonement,2007-02-27,5.6377,4476
360784,Hidden,2015-09-15,6.0299,1087
6435,Practical Magic,1998-10-16,6.7393,1612
16996,17 Again,2009-03-11,5.6223,5272
283587,Beasts of No Nation,2015-09-11,5.6549,1795
397243,The Autopsy of Jane Doe,2016-12-21,5.7625,4493
6075,Carlito's Way,1993-11-10,5.2651,3313
11322,Public Enemies,2009-07-01,5.8955,4634
26123,American Pie Presents: The Book of Love,2009-12-02,5.47,1775
647,Final Fantasy VII: Advent Children,2005-07-14,6.2208,1195
68728,Oz the Great and Powerful,2013-03-07,5.4393,6648
514999,Murder Mystery,2019-05-25,5.9807,4607
4824,The Jackal,1997-11-14,5.8344,1992
267935,The BFG,2016-06-01,6.1195,3500
382614,The Book of Henry,2017-06-16,5.3414,1319
287947,Shazam!,2019-03-29,6.0293,9879
1443,The Virgin Suicides,2000-04-21,6.3468,3443
8741,The Thin Red Line,1998-12-23,5.5507,3140
531428,Portrait of a Lady on Fire,2019-09-18,7.6207,2774
724209,Heart of Stone,2023-08-09,5.8541,1808
762504,Nope,2022-07-20,5.2195,4525
915935,Anatomy of a Fall,2023-08-23,5.028,2945
9477,King Arthur,2004-07-07,5.106,2801
107846,Escape Plan,2013-10-09,5.4148,5353
59108,Tower Heist,2011-11-02,6.0443,3052
136797,Need for Speed,2014-03-12,6.5462,4530
9373,The Texas Chainsaw Massacre,2003-05-21,6.4713,2767
615904,Marry Me,2022-02-09,5.1756,1058
399055,The Shape of Water,2017-12-01,5.4811,12477
2119,Days of Thunder,1990-06-27,6.2371,1588
11631,Mamma Mia!,2008-07-03,5.5617,6781
897087,Freelance,2023-10-05,5.5857,1077
535167,The Wandering Earth,2019-02-05,6.2671,1061
10661,You Don't Mess with the Zohan,2008-06-05,5.6791,3908
55779,Final Destination 5,2011-08-12,5.3423,3872
501929,The Mitchells vs. the Machines,2021-04-22,5.7024,3149
1878,Fear and Loathing in Las Vegas,1998-05-22,5.098,4799
26389,From Paris with Love,2010-02-04,5.788,2166
80,Before Sunset,2004-06-16,5.2936,3581
43593,Piranha 3D,2010-08-20,5.7541,2301
795514,The Fallout,2021-03-17,6.3648,1235
686,Contact,1997-07-11,4.9437,4719
41733,Due Date,2010-11-03,5.5862,5582
11013,Secretary,2002-09-20,6.2118,1750
616747,Haunted Mansion,2023-07-26,6.2443,1154
110420,Wolf Children,2012-07-21,5.3188,2378
18736,The Lizzie McGuire Movie,2003-05-02,5.4998,1291
10607,Don't Be a Menace to South Central While Drinking Your Juice in the Hood,1996-01-12,5.541,1403
139038,A Haunted House,2013-01-11,5.3313,1968
7980,The Lovely Bones,2009-12-26,6.2951,4787
45612,Source Code,2011-03-30,5.01,8702
300673,The Finest Hours,2016-01-27,5.0451,1670
11017,Billy Madison,1995-02-10,7.2223,1711
426543,The Nutcracker and the Four Realms,2018-10-26,5.743,2186
12159,What Dreams May Come,1998-10-02,5.5841,2385
38358,The Last Exorcism,2010-08-27,5.4305,1067
325133,Neighbors 2: Sorority Rising,2016-05-04,5.5752,4488
274855,Geostorm,2017-10-12,5.8911,4977
12405,Slumdog Millionaire,2008-11-12,5.3919,10930
583083,The Kissing Booth 2,2020-07-24,5.8787,5066
11253,Hellboy II: The Golden Army,2008-07-11,5.7857,5395
11975,The Rainmaker,1997-11-18,5.9785,1383
4233,Scream 2,1997-12-12,5.124,4429
6615,Lars and the Real Girl,2007-10-12,5.5166,1929
1738,Next,2007-04-25,5.9063,3097
628,Interview with the Vampire,1994-11-11,5.7092,6118
879,Hook,1991-04-10,5.4199,5498
9928,Robots,2005-03-10,5.9578,4754
820609,No One Will Save You,2023-09-21,6.0463,1309
222935,The Fault in Our Stars,2014-05-16,5.4445,11362
10054,Spy Kids,2001-03-18,5.3552,3572
8456,Never Back Down,2008-03-04,5.6692,2388
10010,Brother Bear 2,2006-08-17,6.2644,1526
2486,Eragon,2006-12-14,5.1928,3349
2082,Halloween,2007-08-31,5.8918,2442
36643,The World Is Not Enough,1999-11-17,5.1761,3086
10065,The Amityville Horror,2005-04-14,5.9069,2255
11529,Sweet Home Alabama,2002-09-26,6.2561,1597
16871,Drag Me to Hell,2009-05-27,5.954,3876
649609,Renfield,2023-04-07,5.4639,1964
848326,Rebel Moon - Part One: A Child of Fire,2023-12-15,5.6254,2385
458737,First Reformed,2018-05-18,5.7189,1390
116711,Epic,2013-05-15,5.3448,2841
228967,The Interview,2014-12-25,5.292,6004
2649,The Game,1997-09-12,5.5595,6979
13223,Gran Torino,2008-12-12,5.9993,11121
11249,Seed of Chucky,2004-11-12,5.8205,1691
9036,Eight Below,2006-02-17,5.6962,1757
40662,Batman: Under the Red Hood,2010-07-27,5.7087,1665
188927,Star Trek Beyond,2016-07-07,4.6933,6839
392044,Murder on the Orient Express,2017-11-03,5.5368,10235
488623,Forgotten,2017-11-29,5.5366,1224
1452,Superman Returns,2006-06-28,5.118,4377
1992,Planet Terror,2007-04-06,5.219,3645
5559,Bee Movie,2007-10-28,6.126,5060
1649,Bill & Ted's Bogus Journey,1991-07-19,6.0625,1283
4476,Legends of the Fall,1994-12-23,6.4806,2722
38684,Jane Eyre,2011-03-11,5.883,1511
402,Basic Instinct,1992-03-20,5.9288,4137
522627,The Gentlemen,2020-01-01,6.9842,6226
13363,The Man from Earth,2007-06-10,4.7724,2702
60308,Moneyball,2011-09-23,4.6457,5458
123553,The Mortal Instruments: City of Bones,2013-08-21,5.2814,4540
340102,The New Mutants,2020-04-02,6.8488,3559
881,A Few Good Men,1992-12-11,5.8881,3890
109414,This Is the End,2013-06-12,5.2714,6572
337703,The Red Turtle,2016-03-27,6.3375,1321
19100,Those Happy Days,2006-06-28,5.8762,1066
1927,Hulk,2003-06-19,5.4775,6050
308531,Teenage Mutant Ninja Turtles: Out of the Shadows,2016-06-01,5.025,3653
102362,Dead Man Down,2013-03-08,6.0722,1495
55846,Blitz,2011-05-20,5.0416,1710
567609,Ready or Not,2019-08-21,5.1566,4904
610150,Dragon Ball Super: Super Hero,2022-06-11,5.6735,2938
87428,That's My Boy,2012-06-14,5.5436,2064
7978,The Wolfman,2010-02-10,5.143,2082
149870,The Wind Rises,2013-07-20,5.6941,3188
1669,The Hunt for Red October,1990-03-02,5.0951,3451
68730,Silence,2016-12-23,5.9162,3161
8224,8MM,1999-02-26,5.4799,2127
9594,Double Impact,1991-07-31,5.4757,1137
9920,Ultraviolet,2006-03-03,5.5533,1647
9486,Johnny English,2003-03-14,4.9743,3613
8367,Robin Hood: Prince of Thieves,1991-06-14,5.967,3406
134,"O Brother, Where Art Thou?",2000-08-30,5.4341,4364
1497,Teenage Mutant Ninja Turtles II: The Secret of the Ooze,1991-03-22,5.6139,1189
450465,Glass,2019-01-16,5.2842,8790
300668,Annihilation,2018-02-22,6.0808,9008
39513,Paul,2011-02-14,6.0628,6002
451480,The Guernsey Literary & Potato Peel Pie Society,2018-04-19,5.0231,1356
13971,Wild Child,2008-08-15,5.2438,1874
296099,Vacation,2015-07-28,5.1962,3831
594,The Terminal,2004-06-17,7.2458,8285
754,Face/Off,1997-06-27,5.6996,5610
448119,Dolittle,2020-01-02,5.6051,3744
12113,Body of Lies,2008-10-09,6.796,3162
818397,Memory,2022-04-28,6.3754,1576
9353,Nacho Libre,2006-06-16,6.8381,1748
2671,Ring,1998-01-31,5.4323,1526
10201,Yes Man,2008-12-09,5.142,7089
9471,Charlie's Angels: Full Throttle,2003-06-25,5.4795,3149
8068,Desperado,1995-08-25,5.1238,2988
5123,August Rush,2007-11-21,4.692,2767
11199,Wild Hogs,2007-03-02,5.4685,2354
25793,Precious,2009-11-06,5.4963,1695
1430,Bowling for Columbine,2002-10-09,5.689,1616
360814,Dangal,2016-12-21,5.5056,1068
169917,A Walk Among the Tombstones,2014-09-18,5.3249,2896
68735,Warcraft,2016-05-25,6.4786,7024
8413,Event Horizon,1997-08-15,5.2894,3056
2059,National Treasure,2004-11-19,5.2396,6576
9739,Demolition Man,1993-10-08,5.9508,3891
404368,Ralph Breaks the Internet,2018-11-20,5.5106,7837
49849,Cowboys & Aliens,2011-07-29,5.7619,5201
10501,The Road to El Dorado,2000-03-31,4.9406,3901
51876,Limitless,2011-03-17,5.1384,11025
82682,Gangster Squad,2013-01-09,3.8793,4125
4327,Charlie's Angels,2000-11-02,5.8484,4325
7549,Fearless,2006-01-26,5.2185,1341
12222,Horton Hears a Who!,2008-03-03,4.9782,3419
2135,The Time Machine,2002-03-04,5.4404,2388
82881,Tangled Ever After,2012-01-13,5.6235,1083
499701,Dora and the Lost City of Gold,2019-08-08,5.6135,1778
515195,Yesterday,2019-06-26,5.1416,4084
503,Poseidon,2006-05-03,5.6317,2214
11220,Fallen Angels,1995-09-06,5.752,1180
1428,Once Upon a Time in Mexico,2003-09-11,5.0206,2274
23047,Season of the Witch,2011-01-07,5.3294,2514
110,Three Colors: Red,1994-05-12,5.6427,1473
37686,Super 8,2011-06-08,5.8202,6811
755,From Dusk Till Dawn,1996-01-19,6.4409,6196
19898,Pandorum,2009-09-08,4.4942,2506
114150,Pitch Perfect,2012-09-28,5.1772,6700
80274,Ender's Game,2013-10-24,5.1242,6020
9543,Prince of Persia: The Sands of Time,2010-05-19,4.7796,6941
10027,Unleashed,2005-02-02,5.2192,2080
1975,The Grudge 2,2006-10-12,4.7822,1067
76285,Percy Jackson: Sea of Monsters,2013-08-07,5.64,5237
136799,Trolls,2016-10-13,5.0659,3705
505379,Rebecca,2020-10-16,4.5912,1128
22804,Saw VI,2009-10-22,5.1045,3376
1715,The Cider House Rules,1999-12-17,5.4457,1220
280092,Insidious: Chapter 3,2015-05-28,4.9781,3476
7443,Chicken Run,2000-06-23,4.8328,5220
2288,Closer,2004-12-03,5.3366,3587
447404,Pokémon Detective Pikachu,2019-05-03,4.8671,7116
100241,"I, Frankenstein",2014-01-22,5.6152,1985
1491,The Illusionist,2006-08-18,4.994,5087
406990,What Happened to Monday,2017-08-18,5.5414,6248
27581,The Other Guys,2010-08-06,6.3782,4355
619730,Don't Worry Darling,2022-09-21,4.9822,2732
560050,Over the Moon,2020-10-16,5.682,1342
10377,My Cousin Vinny,1992-03-13,4.993,1699
14442,Ella Enchanted,2004-04-09,5.5288,1908
906126,Society of the Snow,2023-12-15,4.7298,3261
12096,The Pink Panther,2006-02-10,5.9949,2011
900667,One Piece Film Red,2022-08-06,5.7848,1083
539892,Freaks,2019-09-12,5.1993,1208
500664,Upgrade,2018-05-31,5.2663,4694
22825,The Box,2009-10-29,5.2787,1817
55721,Bridesmaids,2011-05-13,4.8589,4500
228161,Home,2015-03-18,5.3773,4099
59860,Monte Carlo,2011-07-01,5.4414,2186
9913,The Skeleton Key,2005-07-29,5.2137,2175
203801,The Man from U.N.C.L.E.,2015-08-13,5.3807,6572
2100,The Last Castle,2001-10-19,5.0563,1331
597208,Nightmare Alley,2021-12-02,5.1016,3134
8012,Get Shorty,1995-10-20,5.7071,1124
37707,Splice,2010-06-03,5.6242,2342
127380,Finding Dory,2016-06-16,5.0454,12369
37933,Tales from Earthsea,2006-07-29,5.552,1395
9360,Anaconda,1997-04-11,6.2786,2603
9766,Gridiron Gang,2006-09-15,4.9109,1041
17578,The Adventures of Tintin,2011-10-24,5.3236,5588
795,City of Angels,1998-04-10,4.5655,2247
4552,A Tale of Two Sisters,2003-06-13,5.6737,1258
9399,Lionheart,1990-06-07,5.0334,1089
2300,Space Jam,1996-11-15,5.516,6205
8274,American Pie Presents: Band Camp,2005-11-23,5.071,2141
23023,Tooth Fairy,2010-01-14,5.1642,2045
11547,Cabin Fever,2003-08-15,4.9761,1361
20504,The Book of Eli,2010-01-14,7.4469,6394
60307,Diary of a Wimpy Kid: Rodrick Rules,2011-03-25,5.2578,1192
463272,Johnny English Strikes Again,2018-09-13,4.7264,2614
539681,DC League of Super-Pets,2022-07-27,4.8579,1650
10474,The Basketball Diaries,1995-04-21,5.298,2099
2123,"Me, Myself & Irene",2000-06-22,4.7531,4048
13027,Eagle Eye,2008-09-25,5.3613,2966
2642,Two Weeks Notice,2002-12-19,5.1456,2128
207932,Inferno,2016-10-13,5.4522,6430
505026,Death on the Nile,2022-02-09,5.1603,3931
678512,Sound of Freedom,2023-07-03,5.5337,2603
532639,Pinocchio,2022-09-07,5.647,1669
16995,State of Play,2009-04-17,3.7828,2036
76617,Texas Chainsaw 3D,2013-01-03,5.9395,1745
1493,Miss Congeniality,2000-12-22,4.8278,4065
430231,The Endless,2017-11-05,4.6403,1194
1587,What's Eating Gilbert Grape,1993-12-17,5.1443,4106
28355,Case 39,2009-08-13,6.181,2302
468224,Tolkien,2019-05-03,5.7748,1472
100042,Dumb and Dumber To,2014-11-12,4.9313,3282
427641,Rampage,2018-04-11,5.5583,7272
406,La Haine,1995-05-31,5.3143,4298
206487,Predestination,2014-08-28,5.325,6765
254904,The November Man,2014-08-27,5.4609,1529
132232,Mama,2013-01-17,6.196,4276
1701,Con Air,1997-06-05,6.1309,4449
705861,Hustle,2022-06-03,5.4135,2685
617,Wild Things,1998-03-20,5.0154,1848
395834,Wind River,2017-08-03,4.8602,5494
265208,Wild Card,2015-01-14,5.1135,1856
27022,The Sorcerer's Apprentice,2010-07-13,4.9704,5101
13855,The Chaser,2008-02-14,5.4273,1424
319,True Romance,1993-09-09,4.5917,2879
109431,Identity Thief,2013-02-07,5.4514,3397
567748,The Guilty,2021-09-24,5.3861,2891
7278,Meet the Spartans,2008-01-24,5.5439,1765
218043,Left Behind,2014-10-03,5.0002,1341
9631,The Negotiator,1998-07-29,6.0704,2229
23398,Alvin and the Chipmunks: The Squeakquel,2009-12-21,5.0728,3037
11459,Sky High,2005-07-29,5.2043,2379
13680,The Game Plan,2007-09-28,5.4026,2119
544,There's Something About Mary,1998-07-15,5.3536,5105
782,Gattaca,1997-09-07,5.2638,6621
615658,Awake,2021-06-09,5.2389,1112
1538,Collateral,2004-08-04,5.6415,5934
97630,Zero Dark Thirty,2012-12-19,4.7477,4690
70670,Headhunters,2011-08-26,4.8551,1290
9444,Anastasia,1997-11-20,5.2876,5446
15165,Barbie as The Princess & the Pauper,2004-09-28,4.7956,1514
75612,Oblivion,2013-04-10,5.5943,11088
924,Dawn of the Dead,2004-03-19,5.46,4240
9595,Hot Shots!,1991-07-31,4.1409,2296
9718,Talladega Nights: The Ballad of Ricky Bobby,2006-08-04,5.6294,1774
1904,Memoirs of a Geisha,2005-12-06,5.0907,3211
60747,Red Dawn,2012-03-15,4.9584,1675
1498,Teenage Mutant Ninja Turtles,1990-03-30,5.8027,1876
74465,We Bought a Zoo,2011-12-08,5.9219,2820
43933,Monsters,2010-06-18,5.7736,1683
627,Trainspotting,1996-02-23,5.163,10026
553604,Honest Thief,2020-09-03,5.9053,1806
395841,Hold the Dark,2018-09-22,5.029,1002
10731,The Client,1994-07-20,5.3002,1244
3131,Gangs of New York,2002-12-14,5.5509,6879
293863,The Age of Adaline,2015-04-16,5.5167,6893
15137,Evangelion: 1.0 You Are (Not) Alone,2007-09-01,5.657,1023
24684,An Education,2009-10-29,4.6881,1365
424781,Sorry to Bother You,2018-07-06,5.5986,1651
7364,Sahara,2005-04-06,5.5782,1557
1541,Thelma & Louise,1991-05-24,5.8488,3666
14128,Cinderella II: Dreams Come True,2002-02-23,5.1166,1501
1966,Alexander,2004-11-21,4.8212,3375
9522,Wedding Crashers,2005-07-13,5.601,4519
134374,Pain & Gain,2013-04-18,4.9242,4619
9654,The Italian Job,2003-05-30,5.592,5760
10795,Tell No One,2006-11-01,4.9171,1451
446893,Trolls World Tour,2020-03-11,4.952,2208
1246,Rocky Balboa,2006-12-20,5.3934,3643
10947,High School Musical,2006-01-20,5.9962,4678
4638,Hot Fuzz,2007-02-14,5.3609,7936
8275,American Pie Presents: The Naked Mile,2006-12-13,5.2188,2098
8273,American Wedding,2003-08-01,4.6976,4209
71,Billy Elliot,2000-09-28,5.21,3958
5994,The Family Man,2000-12-12,5.0584,2062
38050,The Adjustment Bureau,2011-03-03,5.5107,4697
431580,Abominable,2019-09-19,5.5709,2113
76649,Pompeii,2014-02-18,4.9768,3301
23437,A Nightmare on Elm Street,2010-04-30,5.0353,2807
527261,The Silence,2019-05-16,5.0352,1618
513045,Stuber,2019-07-11,5.0786,1345
511809,West Side Story,2021-12-08,6.1044,1665
41630,No Strings Attached,2011-01-21,5.1592,4825
1555,The Spanish Apartment,2002-06-19,5.3137,1177
7326,Juno,2007-12-05,4.892,7378
149871,The Tale of The Princess Kaguya,2013-11-23,5.6372,1890
10228,Pokémon: The First Movie,1998-07-18,4.5828,1517
395992,Life,2017-03-22,4.6892,7638
239678,This Is Where I Leave You,2014-09-10,5.3215,1407
8916,Antz,1998-10-02,6.0026,4581
1700,Misery,1990-11-30,5.3738,4913
82633,Lawless,2012-08-29,4.6822,3176
65,8 Mile,2002-11-08,4.9846,7540
661539,A Complete Unknown,2024-12-25,6.775,1206
10066,House of Wax,2005-05-05,4.9068,3166
198375,The Garden of Words,2013-05-31,5.3981,2113
4379,Monster-in-Law,2005-05-13,5.7318,1703
614911,The Midnight Sky,2020-12-10,5.2133,1913
796499,Army of Thieves,2021-10-29,5.0918,2157
8645,The Happening,2008-06-11,5.3661,3776
298,Ocean's Thirteen,2007-06-05,5.3479,6587
9798,Enemy of the State,1998-11-20,5.2991,4042
17979,A Christmas Carol,2009-11-04,5.3107,4731
228165,The SpongeBob Movie: Sponge Out of Water,2015-01-28,5.2019,2443
9279,Jingle All the Way,1996-11-21,5.1322,2783
43947,I Spit on Your Grave,2010-06-17,5.5729,2428
1635,The Island,2005-07-21,5.9102,5620
51828,One Day,2011-03-02,5.2866,4396
152532,Dallas Buyers Club,2013-11-01,5.642,8747
309809,The Little Prince,2015-07-29,5.6667,2874
4964,Knocked Up,2007-06-01,5.1832,4099
522681,Escape Room,2019-01-03,4.881,4858
393519,Raw,2016-11-11,5.5595,3308
9762,Step Up,2006-08-11,5.1376,3787
10992,Cats & Dogs,2001-07-04,5.2689,1682
13460,Doomsday,2008-03-14,4.7155,1330
281,Strange Days,1995-10-13,5.8172,1432
283378,Fallen,2016-11-10,5.7319,1631
13466,October Sky,1999-02-19,4.8167,1326
136400,2 Guns,2013-08-02,5.2998,4299
3021,1408,2007-06-22,5.6476,4642
7214,Coach Carter,2005-01-14,4.6818,3124
37797,Whisper of the Heart,1995-07-15,6.0324,2147
180299,The Raid 2,2014-03-27,5.4842,2460
674324,The Banshees of Inisherin,2022-10-20,4.8396,3068
9268,Eraser,1996-06-21,5.3745,1917
300669,Don't Breathe,2016-06-08,5.5194,7707
11282,Harold & Kumar Go to White Castle,2004-07-02,4.6315,2149
9816,Save the Last Dance,2001-01-12,5.6125,1309
329996,Dumbo,2019-03-27,5.0151,4435
97020,RoboCop,2014-01-30,4.6221,5650
38167,Eat Pray Love,2010-08-12,5.1895,2533
357096,I Spit on Your Grave III: Vengeance Is Mine,2015-10-01,5.8087,1002
13885,Sweeney Todd: The Demon Barber of Fleet Street,2007-12-20,4.7303,6104
72784,The Loft,2014-10-14,5.0587,1512
468,My Own Private Idaho,1991-02-01,4.8425,1179
35019,Nanny McPhee and the Big Bang,2010-03-26,5.5194,1888
65754,The Girl with the Dragon Tattoo,2011-12-14,4.8259,7293
9342,The Mask of Zorro,1998-07-16,5.1837,4154
487297,What Men Want,2019-02-08,5.2278,1533
339692,Shot Caller,2017-07-07,4.9831,2126
424139,Halloween,2018-10-18,5.1,4887
24238,Mary and Max,2009-04-09,5.2291,2118
87502,Flight,2012-02-22,5.4922,6224
704239,The Union,2024-08-15,5.1828,1040
58233,Johnny English Reborn,2011-09-15,5.3351,3433
648579,The Unbearable Weight of Massive Talent,2022-04-20,4.805,2257
152584,Blue Is the Warmest Color,2013-10-09,5.1949,4721
345911,Lights Out,2016-07-21,5.3166,3987
181283,Child 44,2015-03-15,6.3436,1719
33217,Diary of a Wimpy Kid,2010-03-19,4.5977,1679
406563,Insidious: The Last Key,2018-01-03,4.6588,3021
227306,Unbroken,2014-12-25,5.2005,4228
9319,The Last Boy Scout,1991-12-13,5.0239,2011
6171,Dreamcatcher,2003-03-21,5.2118,1805
136795,The Heat,2013-06-27,4.8444,4045
467938,Revenge,2018-02-07,5.0183,1968
158011,The Call,2013-03-14,4.9706,2955
59965,Abduction,2011-09-22,4.7351,2944
46261,Don't Be Afraid of the Dark,2010-11-06,5.1001,1069
643215,Asterix & Obelix: The Middle Kingdom,2023-02-01,5.4051,1107
34016,She's Out of My League,2010-03-11,5.3346,2233
9489,You've Got Mail,1998-12-18,4.9394,3451
70436,The Raven,2012-03-09,4.9036,1381
5549,RoboCop 2,1990-06-22,5.7408,2003
347626,He's All That,2021-08-27,4.9288,1436
10781,The Texas Chainsaw Massacre: The Beginning,2006-10-05,5.0974,1869
406997,Wonder,2017-11-13,4.5349,8078
338958,Disenchanted,2022-11-18,5.8282,1133
10601,Peter Pan,2003-12-18,4.4782,2700
4970,Gothika,2003-11-21,5.7972,2384
82700,After Earth,2013-05-30,4.7735,6681
359940,"Three Billboards Outside Ebbing, Missouri",2017-12-01,4.3908,10488
140,Bad Education,2004-03-19,5.0186,1006
80585,Rock of Ages,2012-06-13,5.2488,1298
4550,Lady Vengeance,2005-07-29,5.2128,1767
300681,Replicas,2018-10-25,4.7127,1416
192141,No Escape,2015-08-26,4.7476,2616
68724,Elysium,2013-08-07,5.6088,9203
266647,Pan,2015-09-24,5.4621,2778
9383,Hollow Man,2000-08-04,4.8602,2638
210860,Mortdecai,2015-01-21,5.3094,2690
11045,Taxi,2004-10-06,5.6234,1104
846,The X-Files,1998-06-19,5.3151,1694
79,Hero,2002-07-22,4.7631,2367
1923,Twin Peaks: Fire Walk with Me,1992-06-03,7.2326,2091
171372,Frank,2014-05-09,5.0767,1659
152742,The Best Offer,2013-01-01,4.8806,2943
8976,A Lot Like Love,2005-04-21,4.0971,1327
47964,A Good Day to Die Hard,2013-02-06,4.7528,6558
18405,The Last House on the Left,2009-03-13,5.1664,1850
297608,The Taking of Deborah Logan,2014-10-21,4.9299,1354
404,The Straight Story,1999-10-15,4.6724,1680
1948,Crank,2006-08-31,4.9942,3986
369885,Allied,2016-11-23,4.7631,4638
1268,Mr. Bean's Holiday,2007-03-22,5.4549,2983
296524,Deepwater Horizon,2016-09-28,5.0032,4697
112205,The Family,2013-09-13,5.4465,2998
16234,Batman Beyond: Return of the Joker,2000-12-12,5.4691,1155
2046,The Gift,2000-03-16,4.5711,1293
72545,Journey 2: The Mysterious Island,2012-01-19,5.1677,4379
1710,Copycat,1995-10-27,6.5701,1151
2832,Identity,2003-04-25,4.5353,4092
59961,Safe House,2012-02-08,4.367,3754
479455,Men in Black: International,2019-06-12,4.8209,5132
3558,"Girl, Interrupted",1999-12-21,4.743,3996
241848,The Guest,2014-09-05,5.0917,2038
77949,The Awakening,2011-08-17,4.388,1437
393559,My Life as a Zucchini,2016-09-22,4.7101,1431
11451,Herbie Fully Loaded,2005-06-22,5.2691,2362
8848,The Bank Job,2008-02-28,4.4796,2457
274870,Passengers,2016-12-21,4.4567,13756
10153,Sphere,1998-02-13,4.2602,1709
36419,After.Life,2009-11-07,5.4381,1177
242828,When Marnie Was There,2014-07-19,4.8817,1879
200727,"Love, Rosie",2014-10-16,4.8307,6364
41439,Saw 3D,2010-10-22,3.803,3171
533,Wallace & Gromit: The Curse of the Were-Rabbit,2005-09-15,5.0142,2940
86825,Stoker,2013-02-28,5.0638,2318
434355,Taxi 5,2018-04-07,4.3833,1045
8321,In Bruges,2008-02-08,4.5901,5449
8978,Assault on Precinct 13,2005-01-19,5.0664,1138
290250,The Nice Guys,2016-05-15,5.3301,8263
87825,Trouble with the Curve,2012-09-21,4.8284,1643
13648,Resident Evil: Degeneration,2008-02-13,5.4495,1122
10865,Atlantis: The Lost Empire,2001-06-02,4.7475,4948
417261,Forever My Girl,2018-01-26,5.4957,1306
453405,Gemini Man,2019-10-02,5.6323,5283
72387,Safe,2012-04-16,4.9636,2556
59967,Looper,2012-09-26,4.6504,10500
504,Monster,2003-12-24,5.2648,2425
2310,Beowulf,2007-11-05,5.3227,2928
227973,The Peanuts Movie,2015-11-05,4.9722,1728
864,Cool Runnings,1993-10-01,5.3779,2143
42888,How Do You Know,2010-12-17,5.0395,1016
9529,Candyman,1992-10-16,6.64,1689
8870,Red Planet,2000-11-10,4.7548,1087
664413,365 Days,2020-02-07,4.7655,9276
15159,The Pink Panther 2,2009-02-06,4.1921,1168
13335,Harold & Kumar Escape from Guantanamo Bay,2008-04-25,5.0459,1538
11774,Lemony Snicket's A Series of Unfortunate Events,2004-12-16,4.7198,5123
8055,The Reader,2008-12-10,4.7093,3252
591275,Fear Street: 1666,2021-07-14,5.0854,1869
379170,Sherlock: The Abominable Bride,2016-01-01,4.2984,2290
8065,21,2008-03-27,5.4024,4843
37950,Charlie St. Cloud,2010-07-30,4.7358,2195
179826,Odd Thomas,2013-01-29,4.8051,1398
9038,The Heartbreak Kid,2007-10-05,5.5169,1680
491584,Burning,2018-05-17,5.1618,1714
257445,Goosebumps,2015-08-05,5.3623,3866
928,Gremlins 2: The New Batch,1990-06-15,5.1783,2740
736526,Troll,2022-11-30,5.1978,1807
37710,The Tourist,2010-12-08,5.2311,5572
371608,The Strangers: Prey at Night,2018-03-07,4.9535,1425
431693,Spies in Disguise,2019-12-04,4.9167,2880
9741,Unbreakable,2000-11-22,5.0952,9601
23759,Centurion,2010-02-15,5.0104,1472
619,The Bodyguard,1992-11-25,5.0777,3086
500682,The Highwaymen,2019-03-15,5.0338,2131
389053,The Do-Over,2016-05-27,5.1534,1547
760741,Beast,2022-08-11,5.1024,1638
27576,Salt,2010-07-21,4.6046,5693
1542,Office Space,1999-02-19,4.2957,3187
1636,Bedazzled,2000-10-19,4.8612,1983
575774,His House,2020-01-27,4.2538,1160
457332,Hidden Strike,2023-07-06,5.1205,1025
111969,Stuck in Love,2013-06-14,4.9255,1964
1934,Shakespeare in Love,1998-12-11,5.3112,3096
568091,Fractured,2019-09-22,5.3041,2730
87818,Movie 43,2013-01-24,4.7779,2408
524348,The Report,2019-09-12,4.5613,1088
8999,Derailed,2005-11-11,4.5877,1061
486131,Shaft,2019-06-14,5.0383,1784
137116,Smurfs: The Lost Village,2017-03-23,4.7134,1505
365222,Ip Man 3,2015-12-24,5.0559,1840
1996,Lara Croft: Tomb Raider - The Cradle of Life,2003-07-21,4.255,4360
462,Erin Brockovich,2000-03-17,3.7861,3434
36955,True Lies,1994-07-15,4.7325,4326
258489,The Legend of Tarzan,2016-06-29,4.7892,6342
10761,Made of Honor,2008-04-30,4.8774,1720
10610,The Medallion,2003-08-15,5.5373,1133
502416,Ma,2019-05-29,4.195,2348
650,Boyz n the Hood,1991-07-12,3.7875,2115
503919,The Lighthouse,2019-10-18,4.2736,5234
51481,Mean Girls 2,2011-01-23,4.7021,1266
379686,Space Jam: A New Legacy,2021-07-08,4.7974,4123
341013,Atomic Blonde,2017-07-26,4.732,6410
714,Tomorrow Never Dies,1997-12-11,4.2781,3249
492,Being John Malkovich,1999-10-29,4.4346,4570
44826,Hugo,2011-11-22,4.797,7418
71469,The Darkest Hour,2011-12-22,5.5917,1517
3563,I Now Pronounce You Chuck & Larry,2007-07-12,5.0278,2429
428078,Mortal Engines,2018-11-27,4.7326,4891
458305,Vivarium,2019-09-07,4.7039,2313
258480,Carol,2015-11-20,5.1272,3820
41216,Legend of the Guardians: The Owls of Ga'Hoole,2010-07-10,5.6424,2380
480105,47 Meters Down: Uncaged,2019-08-15,5.319,1460
11622,Blast from the Past,1999-02-12,5.9137,1146
9904,The Wild,2006-04-06,4.9929,1091
682507,Where the Crawdads Sing,2022-07-14,4.6536,2065
109424,Captain Phillips,2013-10-10,4.7014,7186
33,Unforgiven,1992-08-07,4.6821,4688
834,Underworld: Evolution,2006-01-12,3.9957,4200
617653,The Last Duel,2021-10-13,4.6914,3614
514847,The Hunt,2020-03-11,4.6051,3435
8489,Ali,2001-12-10,4.6039,1786
956842,Fly Me to the Moon,2024-07-10,5.6252,1009
50348,The Lincoln Lawyer,2011-03-17,5.193,3443
11130,The Princess Diaries 2: Royal Engagement,2004-08-06,6.5272,3326
30018,Mother,2009-05-28,5.2312,1599
